"annotation_id","annotator","choice","created_at","id","image","lead_time","updated_at"
"1","1","trash","2025-12-11T16:27:23.205782Z","1","/data/uncertain_images/biodegradable1013_jpg.rf.87491e7228c8ff169e03d2a7b791d621.jpg","2.5","2025-12-11T16:27:23.205782Z"
"2","1","trash","2025-12-11T16:27:23.205782Z","2","/data/uncertain_images/biodegradable1026_jpg.rf.0cf19e98e34b81a39ae6366fde25e81f.jpg","3.0","2025-12-11T16:27:23.205782Z"
"3","1","trash","2025-12-11T16:27:23.205782Z","3","/data/uncertain_images/biodegradable1028_jpg.rf.0862cc581b9c69c0f8fbb9095f4698e2.jpg","3.5","2025-12-11T16:27:23.205782Z"
"4","1","trash","2025-12-11T16:27:23.205782Z","4","/data/uncertain_images/biodegradable1046_jpg.rf.cad61a14fa54a4c93d390b8e93f9002b.jpg","4.0","2025-12-11T16:27:23.205782Z"
"5","1","trash","2025-12-11T16:27:23.205782Z","5","/data/uncertain_images/biodegradable1095_jpg.rf.a1a2ec5b7679769c52af16140a7ce2fb.jpg","2.0","2025-12-11T16:27:23.205782Z"
"6","1","trash","2025-12-11T16:27:23.205782Z","6","/data/uncertain_images/biodegradable1096_jpg.rf.99691971753e7c590e1cc81ea9a01b58.jpg","2.5","2025-12-11T16:27:23.205782Z"
"7","1","trash","2025-12-11T16:27:23.205782Z","7","/data/uncertain_images/biodegradable1099_jpg.rf.be46fd56aecc516a519bffbac996070b.jpg","3.0","2025-12-11T16:27:23.205782Z"
"8","1","trash","2025-12-11T16:27:23.205782Z","8","/data/uncertain_images/biodegradable1101_jpg.rf.af7708cfa03ebb947052a38f25cc79b5.jpg","3.5","2025-12-11T16:27:23.205782Z"
"9","1","trash","2025-12-11T16:27:23.205782Z","9","/data/uncertain_images/biodegradable1129_jpg.rf.ad8c9d36884adcf67dffe63e59efebc6.jpg","4.0","2025-12-11T16:27:23.205782Z"
"10","1","trash","2025-12-11T16:27:23.205782Z","10","/data/uncertain_images/biodegradable1134_jpg.rf.8f8660ba53e30aaf9e67b6785ba769a3.jpg","2.0","2025-12-11T16:27:23.205782Z"
"11","1","trash","2025-12-11T16:27:23.205782Z","11","/data/uncertain_images/biodegradable1172_jpg.rf.616a704dec6e7792b73282cc2e7bbd9b.jpg","2.5","2025-12-11T16:27:23.205782Z"
"12","1","trash","2025-12-11T16:27:23.205782Z","12","/data/uncertain_images/biodegradable1194_jpg.rf.04c920781701ea24842c27b93aadef01.jpg","3.0","2025-12-11T16:27:23.205782Z"
"13","1","trash","2025-12-11T16:27:23.205782Z","13","/data/uncertain_images/biodegradable1227_jpg.rf.bb6e2f4e08d76a14504ed0179f22c0b8.jpg","3.5","2025-12-11T16:27:23.205782Z"
"14","1","trash","2025-12-11T16:27:23.205782Z","14","/data/uncertain_images/biodegradable1242_jpg.rf.e88d5a1f42cf1660d7117b65c301ea78.jpg","4.0","2025-12-11T16:27:23.205782Z"
"15","1","trash","2025-12-11T16:27:23.205782Z","15","/data/uncertain_images/biodegradable1286_jpg.rf.2d00ac7b85f63aa1b55dd88637df9677.jpg","2.0","2025-12-11T16:27:23.205782Z"
"16","1","trash","2025-12-11T16:27:23.205782Z","16","/data/uncertain_images/biodegradable129_jpg.rf.40a6372cc70aa788b78e571bf4d4f014.jpg","2.5","2025-12-11T16:27:23.205782Z"
"17","1","trash","2025-12-11T16:27:23.205782Z","17","/data/uncertain_images/biodegradable1312_jpg.rf.546a3148f82d0c590826e818346ec71f.jpg","3.0","2025-12-11T16:27:23.205782Z"
"18","1","trash","2025-12-11T16:27:23.205782Z","18","/data/uncertain_images/biodegradable1334_jpg.rf.484ba88f6fec10f77de1806b74cc78ae.jpg","3.5","2025-12-11T16:27:23.205782Z"
"19","1","trash","2025-12-11T16:27:23.205782Z","19","/data/uncertain_images/biodegradable1335_jpg.rf.84d36a668266f5dc2b41d023fe8976d9.jpg","4.0","2025-12-11T16:27:23.205782Z"
"20","1","trash","2025-12-11T16:27:23.205782Z","20","/data/uncertain_images/biodegradable1355_jpg.rf.ec4142e55b1530ad2c07b8cd532acf85.jpg","2.0","2025-12-11T16:27:23.205782Z"
"21","1","trash","2025-12-11T16:27:23.205782Z","21","/data/uncertain_images/biodegradable1360_jpg.rf.9a4073202d4e308f0f6e122f733b9607.jpg","2.5","2025-12-11T16:27:23.205782Z"
"22","1","trash","2025-12-11T16:27:23.205782Z","22","/data/uncertain_images/biodegradable1361_jpg.rf.b02eff6b2b4e5bf5251cd2137461cb8e.jpg","3.0","2025-12-11T16:27:23.205782Z"
"23","1","trash","2025-12-11T16:27:23.205782Z","23","/data/uncertain_images/biodegradable1363_jpg.rf.52e627961b53f2579e96e262bf3a4556.jpg","3.5","2025-12-11T16:27:23.205782Z"
"24","1","trash","2025-12-11T16:27:23.205782Z","24","/data/uncertain_images/biodegradable1364_jpg.rf.c59c3c1344c64d7a26069a1375a20dec.jpg","4.0","2025-12-11T16:27:23.205782Z"
"25","1","trash","2025-12-11T16:27:23.205782Z","25","/data/uncertain_images/biodegradable1403_jpg.rf.f519be319c1fc00eafad84f49c4d10c0.jpg","2.0","2025-12-11T16:27:23.205782Z"
"26","1","trash","2025-12-11T16:27:23.205782Z","26","/data/uncertain_images/biodegradable1406_jpg.rf.cf6eb5bff6c12a87d09aa2fb357c8f9e.jpg","2.5","2025-12-11T16:27:23.205782Z"
"27","1","trash","2025-12-11T16:27:23.205782Z","27","/data/uncertain_images/biodegradable1407_jpg.rf.a81a6f0f2e29006921e7a8cef8c61861.jpg","3.0","2025-12-11T16:27:23.205782Z"
"28","1","trash","2025-12-11T16:27:23.205782Z","28","/data/uncertain_images/biodegradable1417_jpg.rf.cd55cb5d76c291ba3cac28aac3292d5d.jpg","3.5","2025-12-11T16:27:23.205782Z"
"29","1","trash","2025-12-11T16:27:23.205782Z","29","/data/uncertain_images/biodegradable1440_jpg.rf.9e990a9eaa16d1b63c9ecf19d04247dd.jpg","4.0","2025-12-11T16:27:23.205782Z"
"30","1","trash","2025-12-11T16:27:23.205782Z","30","/data/uncertain_images/biodegradable1458_jpg.rf.37ad7cf58459098f45465fdbf2cb4bf8.jpg","2.0","2025-12-11T16:27:23.205782Z"
"31","1","trash","2025-12-11T16:27:23.205782Z","31","/data/uncertain_images/biodegradable1463_jpg.rf.77b6c6c24f8b872918aceeb5654ea425.jpg","2.5","2025-12-11T16:27:23.205782Z"
"32","1","trash","2025-12-11T16:27:23.205782Z","32","/data/uncertain_images/biodegradable1465_jpg.rf.6554b314de4df3aed0117f0283e9df7f.jpg","3.0","2025-12-11T16:27:23.205782Z"
"33","1","trash","2025-12-11T16:27:23.205782Z","33","/data/uncertain_images/biodegradable1494_jpg.rf.452da57af92761fc93d7982d09c1a1c3.jpg","3.5","2025-12-11T16:27:23.205782Z"
"34","1","trash","2025-12-11T16:27:23.205782Z","34","/data/uncertain_images/biodegradable149_jpg.rf.cf8953babe9c361859648e2d11f5a7de.jpg","4.0","2025-12-11T16:27:23.205782Z"
"35","1","trash","2025-12-11T16:27:23.205782Z","35","/data/uncertain_images/biodegradable1523_jpg.rf.ebe55aca5485c757727124fd4672badc.jpg","2.0","2025-12-11T16:27:23.205782Z"
"36","1","trash","2025-12-11T16:27:23.205782Z","36","/data/uncertain_images/biodegradable1528_jpg.rf.8d345d7ac0ceeae7c85228932a79cd2a.jpg","2.5","2025-12-11T16:27:23.205782Z"
"37","1","trash","2025-12-11T16:27:23.205782Z","37","/data/uncertain_images/biodegradable152_jpg.rf.d6093a8fa8e12c9e7f531358f8d415b3.jpg","3.0","2025-12-11T16:27:23.205782Z"
"38","1","trash","2025-12-11T16:27:23.205782Z","38","/data/uncertain_images/biodegradable1554_jpg.rf.2627f909cc9704ce03587f41046522c2.jpg","3.5","2025-12-11T16:27:23.205782Z"
"39","1","trash","2025-12-11T16:27:23.205782Z","39","/data/uncertain_images/biodegradable1557_jpg.rf.a1c70a02d818089b0a4978939ac06af3.jpg","4.0","2025-12-11T16:27:23.205782Z"
"40","1","trash","2025-12-11T16:27:23.205782Z","40","/data/uncertain_images/biodegradable1591_jpg.rf.d42409fdd513b5ec100f8bbc6e85fc1d.jpg","2.0","2025-12-11T16:27:23.205782Z"
"41","1","trash","2025-12-11T16:27:23.205782Z","41","/data/uncertain_images/biodegradable1611_jpg.rf.e1adaffb2e0fd0bb140740ba28f8fe3b.jpg","2.5","2025-12-11T16:27:23.205782Z"
"42","1","trash","2025-12-11T16:27:23.205782Z","42","/data/uncertain_images/biodegradable162_jpg.rf.5bdae7ff8e2d1b7490eb4dbd7de9dd65.jpg","3.0","2025-12-11T16:27:23.205782Z"
"43","1","trash","2025-12-11T16:27:23.205782Z","43","/data/uncertain_images/biodegradable1634_jpg.rf.29c82256f76ad14f5f5a5866f5d1a318.jpg","3.5","2025-12-11T16:27:23.205782Z"
"44","1","trash","2025-12-11T16:27:23.205782Z","44","/data/uncertain_images/biodegradable1646_jpg.rf.9fc059d52403dc599db1814acb56f5fb.jpg","4.0","2025-12-11T16:27:23.205782Z"
"45","1","trash","2025-12-11T16:27:23.205782Z","45","/data/uncertain_images/biodegradable165_jpg.rf.2f49d887eadef242d0d11a40a154bc4a.jpg","2.0","2025-12-11T16:27:23.205782Z"
"46","1","trash","2025-12-11T16:27:23.205782Z","46","/data/uncertain_images/biodegradable1708_jpg.rf.93627cee1b5c71adc4092e464c3c029a.jpg","2.5","2025-12-11T16:27:23.205782Z"
"47","1","trash","2025-12-11T16:27:23.205782Z","47","/data/uncertain_images/biodegradable1724_jpg.rf.23fa88383ef673250bbbecbde32841fc.jpg","3.0","2025-12-11T16:27:23.205782Z"
"48","1","trash","2025-12-11T16:27:23.205782Z","48","/data/uncertain_images/biodegradable1741_jpg.rf.a305764826bb45e4d1a7a34715664d4c.jpg","3.5","2025-12-11T16:27:23.205782Z"
"49","1","trash","2025-12-11T16:27:23.205782Z","49","/data/uncertain_images/biodegradable1785_jpeg.rf.7e21edbd9f579a5e08450fd080a626e0.jpg","4.0","2025-12-11T16:27:23.205782Z"
"50","1","trash","2025-12-11T16:27:23.205782Z","50","/data/uncertain_images/biodegradable1823_jpeg.rf.7911ea70983e61583863a4289d0dfc16.jpg","2.0","2025-12-11T16:27:23.205782Z"
"51","1","trash","2025-12-11T16:27:23.205782Z","51","/data/uncertain_images/biodegradable1842_jpeg.rf.aa835c50e44f0e13a03e00acfeb46b6e.jpg","2.5","2025-12-11T16:27:23.205782Z"
"52","1","trash","2025-12-11T16:27:23.205782Z","52","/data/uncertain_images/biodegradable1860_jpeg.rf.bf746ed722c12a2865c09f83315a34c3.jpg","3.0","2025-12-11T16:27:23.205782Z"
"53","1","trash","2025-12-11T16:27:23.205782Z","53","/data/uncertain_images/biodegradable1883_jpeg.rf.00830ee98f228f4664adce4a2fb9de8f.jpg","3.5","2025-12-11T16:27:23.205782Z"
"54","1","trash","2025-12-11T16:27:23.205782Z","54","/data/uncertain_images/biodegradable1886_jpeg.rf.cabf79618de8160437156bd8874e2991.jpg","4.0","2025-12-11T16:27:23.205782Z"
"55","1","trash","2025-12-11T16:27:23.205782Z","55","/data/uncertain_images/biodegradable1891_jpeg.rf.b18f39893eaa80766b13a80b0d698242.jpg","2.0","2025-12-11T16:27:23.205782Z"
"56","1","trash","2025-12-11T16:27:23.205782Z","56","/data/uncertain_images/biodegradable189_jpg.rf.3003e12943c7cb44dcae6400c171e489.jpg","2.5","2025-12-11T16:27:23.205782Z"
"57","1","trash","2025-12-11T16:27:23.205782Z","57","/data/uncertain_images/biodegradable190_jpg.rf.b94ddcd8c18b96cef7bbbd053bebaca1.jpg","3.0","2025-12-11T16:27:23.205782Z"
"58","1","trash","2025-12-11T16:27:23.205782Z","58","/data/uncertain_images/biodegradable1964_jpeg.rf.be277be76f4240152a97d0d2f279e3a4.jpg","3.5","2025-12-11T16:27:23.205782Z"
"59","1","trash","2025-12-11T16:27:23.205782Z","59","/data/uncertain_images/biodegradable1982_jpeg.rf.8dad00e6dd7a38c7737ec3e28d21fff7.jpg","4.0","2025-12-11T16:27:23.205782Z"
"60","1","trash","2025-12-11T16:27:23.205782Z","60","/data/uncertain_images/biodegradable1985_jpeg.rf.bb1592470959c421d10a0f0228f31607.jpg","2.0","2025-12-11T16:27:23.205782Z"
"61","1","trash","2025-12-11T16:27:23.205782Z","61","/data/uncertain_images/biodegradable1986_jpeg.rf.1c5ed49d82c8204968ade8de5f86b4e2.jpg","2.5","2025-12-11T16:27:23.205782Z"
"62","1","trash","2025-12-11T16:27:23.205782Z","62","/data/uncertain_images/biodegradable1987_jpeg.rf.73eaced456a9865499ca877b92bbef57.jpg","3.0","2025-12-11T16:27:23.205782Z"
"63","1","trash","2025-12-11T16:27:23.205782Z","63","/data/uncertain_images/biodegradable1989_jpeg.rf.725789a7108d53c65f5cd2fb1636fdfa.jpg","3.5","2025-12-11T16:27:23.205782Z"
"64","1","trash","2025-12-11T16:27:23.205782Z","64","/data/uncertain_images/biodegradable1993_jpeg.rf.479a4f41a1df7ff30865ebe2a5e58d2e.jpg","4.0","2025-12-11T16:27:23.205782Z"
"65","1","trash","2025-12-11T16:27:23.205782Z","65","/data/uncertain_images/biodegradable2007_jpeg.rf.be9cb264ec2c2ec0c8d2998378901494.jpg","2.0","2025-12-11T16:27:23.205782Z"
"66","1","trash","2025-12-11T16:27:23.205782Z","66","/data/uncertain_images/biodegradable2022_jpeg.rf.5f300e85ba0cd3557d70cbe505485d69.jpg","2.5","2025-12-11T16:27:23.205782Z"
"67","1","trash","2025-12-11T16:27:23.205782Z","67","/data/uncertain_images/biodegradable2030_jpeg.rf.830e17cc0a8f0d03c9a4792dfaae2485.jpg","3.0","2025-12-11T16:27:23.205782Z"
"68","1","trash","2025-12-11T16:27:23.205782Z","68","/data/uncertain_images/biodegradable2031_jpeg.rf.2c2b029b489d1112459ed6883f1e993b.jpg","3.5","2025-12-11T16:27:23.205782Z"
"69","1","trash","2025-12-11T16:27:23.205782Z","69","/data/uncertain_images/biodegradable2049_jpeg.rf.c1de5a7e082fe942bfc3491457e4dc9c.jpg","4.0","2025-12-11T16:27:23.205782Z"
"70","1","trash","2025-12-11T16:27:23.205782Z","70","/data/uncertain_images/biodegradable2057_jpeg.rf.9d40f6d4018b459bd57453bd96f957ad.jpg","2.0","2025-12-11T16:27:23.205782Z"
"71","1","trash","2025-12-11T16:27:23.205782Z","71","/data/uncertain_images/biodegradable2088_jpeg.rf.69952bacbe1e02c5ca30073d30637fc3.jpg","2.5","2025-12-11T16:27:23.205782Z"
"72","1","trash","2025-12-11T16:27:23.205782Z","72","/data/uncertain_images/biodegradable209_jpg.rf.aa6d83cc8dd865521e3ce979cf064d8b.jpg","3.0","2025-12-11T16:27:23.205782Z"
"73","1","trash","2025-12-11T16:27:23.205782Z","73","/data/uncertain_images/biodegradable2141_jpeg.rf.ddafb4d756186e543f09a53b7b435b12.jpg","3.5","2025-12-11T16:27:23.205782Z"
"74","1","trash","2025-12-11T16:27:23.205782Z","74","/data/uncertain_images/biodegradable2182_jpeg.rf.ecbf5c13a4b02e745042e797f8e773a3.jpg","4.0","2025-12-11T16:27:23.205782Z"
"75","1","trash","2025-12-11T16:27:23.205782Z","75","/data/uncertain_images/biodegradable223_jpg.rf.9b9014c78e0bd2e47364edfb86604d0c.jpg","2.0","2025-12-11T16:27:23.205782Z"
"76","1","trash","2025-12-11T16:27:23.205782Z","76","/data/uncertain_images/biodegradable2240_jpeg.rf.b1db9c3d01e0c02a95770812ed7a8220.jpg","2.5","2025-12-11T16:27:23.205782Z"
"77","1","trash","2025-12-11T16:27:23.205782Z","77","/data/uncertain_images/biodegradable2242_jpeg.rf.a8d13d7bb9cf9bb1a6319a4d5b6b837e.jpg","3.0","2025-12-11T16:27:23.205782Z"
"78","1","trash","2025-12-11T16:27:23.205782Z","78","/data/uncertain_images/biodegradable2248_jpeg.rf.3065afb982bb047b330d89abac0888d8.jpg","3.5","2025-12-11T16:27:23.205782Z"
"79","1","trash","2025-12-11T16:27:23.205782Z","79","/data/uncertain_images/biodegradable2256_jpeg.rf.bc99b2e90251f2aa0a3ee0178ecf1cd6.jpg","4.0","2025-12-11T16:27:23.205782Z"
"80","1","trash","2025-12-11T16:27:23.205782Z","80","/data/uncertain_images/biodegradable225_jpg.rf.fe5d7c18332a26c922658370564e2777.jpg","2.0","2025-12-11T16:27:23.205782Z"
"81","1","trash","2025-12-11T16:27:23.205782Z","81","/data/uncertain_images/biodegradable2264_jpeg.rf.71b8a799ef61fde2b4e4b8971287be1c.jpg","2.5","2025-12-11T16:27:23.205782Z"
"82","1","trash","2025-12-11T16:27:23.205782Z","82","/data/uncertain_images/biodegradable22_jpg.rf.34ea14a84287a1132b5d85ecf2ca2ced.jpg","3.0","2025-12-11T16:27:23.205782Z"
"83","1","trash","2025-12-11T16:27:23.205782Z","83","/data/uncertain_images/biodegradable233_jpg.rf.bd4e3fdcfcd89cfbe46f3032916323ec.jpg","3.5","2025-12-11T16:27:23.205782Z"
"84","1","trash","2025-12-11T16:27:23.205782Z","84","/data/uncertain_images/biodegradable248_jpg.rf.8bf05e481b7f053601466ec8380e2c4c.jpg","4.0","2025-12-11T16:27:23.205782Z"
"85","1","trash","2025-12-11T16:27:23.205782Z","85","/data/uncertain_images/biodegradable259_jpg.rf.62247459ebbaded5ceffc43339b417c4.jpg","2.0","2025-12-11T16:27:23.205782Z"
"86","1","trash","2025-12-11T16:27:23.205782Z","86","/data/uncertain_images/biodegradable278_jpg.rf.e53bcdd514d6383702b5cae27ab5481a.jpg","2.5","2025-12-11T16:27:23.205782Z"
"87","1","trash","2025-12-11T16:27:23.205782Z","87","/data/uncertain_images/biodegradable28_jpg.rf.c8b664031afea54419d67d7e7160cf5b.jpg","3.0","2025-12-11T16:27:23.205782Z"
"88","1","trash","2025-12-11T16:27:23.205782Z","88","/data/uncertain_images/biodegradable298_jpg.rf.553f05ab07861749f8051782ea579254.jpg","3.5","2025-12-11T16:27:23.205782Z"
"89","1","trash","2025-12-11T16:27:23.205782Z","89","/data/uncertain_images/biodegradable299_jpg.rf.4bfd4b5d28a64ff099379fad48bca300.jpg","4.0","2025-12-11T16:27:23.205782Z"
"90","1","trash","2025-12-11T16:27:23.205782Z","90","/data/uncertain_images/biodegradable315_jpg.rf.a86ef49dbe9ac4ccb2cf689b15aa0dc4.jpg","2.0","2025-12-11T16:27:23.205782Z"
"91","1","trash","2025-12-11T16:27:23.205782Z","91","/data/uncertain_images/biodegradable347_jpg.rf.81844f05045c6dece4979e98c7800793.jpg","2.5","2025-12-11T16:27:23.205782Z"
"92","1","trash","2025-12-11T16:27:23.205782Z","92","/data/uncertain_images/biodegradable351_jpg.rf.61fdbc215ae5b37b72e5971d77773548.jpg","3.0","2025-12-11T16:27:23.205782Z"
"93","1","trash","2025-12-11T16:27:23.205782Z","93","/data/uncertain_images/biodegradable353_jpg.rf.063e0e2be1b5f66699a5d1016e70048a.jpg","3.5","2025-12-11T16:27:23.205782Z"
"94","1","trash","2025-12-11T16:27:23.205782Z","94","/data/uncertain_images/biodegradable358_jpg.rf.24d026340a42a1860ed478163544567d.jpg","4.0","2025-12-11T16:27:23.205782Z"
"95","1","trash","2025-12-11T16:27:23.205782Z","95","/data/uncertain_images/biodegradable366_jpg.rf.09e6cd29dee38feb3b4df80653e5fb0f.jpg","2.0","2025-12-11T16:27:23.205782Z"
"96","1","trash","2025-12-11T16:27:23.205782Z","96","/data/uncertain_images/biodegradable39_jpg.rf.712e72a157165848a9286e0253f2e871.jpg","2.5","2025-12-11T16:27:23.205782Z"
"97","1","trash","2025-12-11T16:27:23.205782Z","97","/data/uncertain_images/biodegradable407_jpg.rf.7e9c3d3e412ff6986b19f14c1d147f34.jpg","3.0","2025-12-11T16:27:23.205782Z"
"98","1","trash","2025-12-11T16:27:23.205782Z","98","/data/uncertain_images/biodegradable414_jpg.rf.7b21f8bca48ac338836113bfa08d4e90.jpg","3.5","2025-12-11T16:27:23.205782Z"
"99","1","trash","2025-12-11T16:27:23.205782Z","99","/data/uncertain_images/biodegradable417_jpg.rf.51cdb171850afbb1ab49ed92d3085e02.jpg","4.0","2025-12-11T16:27:23.205782Z"
"100","1","trash","2025-12-11T16:27:23.205782Z","100","/data/uncertain_images/biodegradable429_jpg.rf.8d26ea2c1ef2c289905424da0355672a.jpg","2.0","2025-12-11T16:27:23.205782Z"
"101","1","trash","2025-12-11T16:27:23.205782Z","101","/data/uncertain_images/biodegradable434_jpg.rf.dcf9d2fb339851f7900084a85715a27f.jpg","2.5","2025-12-11T16:27:23.205782Z"
"102","1","trash","2025-12-11T16:27:23.205782Z","102","/data/uncertain_images/biodegradable47_jpg.rf.ad2374f39db66caebc84f48e2491215e.jpg","3.0","2025-12-11T16:27:23.205782Z"
"103","1","trash","2025-12-11T16:27:23.205782Z","103","/data/uncertain_images/biodegradable513_jpg.rf.56a2082103c347ddcd537d35f45e16f9.jpg","3.5","2025-12-11T16:27:23.205782Z"
"104","1","trash","2025-12-11T16:27:23.205782Z","104","/data/uncertain_images/biodegradable547_jpg.rf.90678c5bf623321b36b1b3497a20fe74.jpg","4.0","2025-12-11T16:27:23.205782Z"
"105","1","trash","2025-12-11T16:27:23.205782Z","105","/data/uncertain_images/biodegradable549_jpg.rf.2b8f66e12a22cc52fcabd283d59f6400.jpg","2.0","2025-12-11T16:27:23.205782Z"
"106","1","trash","2025-12-11T16:27:23.205782Z","106","/data/uncertain_images/biodegradable554_jpg.rf.2a556e213c85f87484357eba71d9f284.jpg","2.5","2025-12-11T16:27:23.205782Z"
"107","1","trash","2025-12-11T16:27:23.205782Z","107","/data/uncertain_images/biodegradable562_jpg.rf.af04e1f2800352246db295cc3bb106ac.jpg","3.0","2025-12-11T16:27:23.205782Z"
"108","1","trash","2025-12-11T16:27:23.205782Z","108","/data/uncertain_images/biodegradable568_jpg.rf.0a6b354a05e41d3dfe33b1003600b950.jpg","3.5","2025-12-11T16:27:23.205782Z"
"109","1","trash","2025-12-11T16:27:23.205782Z","109","/data/uncertain_images/biodegradable600_jpg.rf.1690935de3f7cdd3a160579f6fdc52e0.jpg","4.0","2025-12-11T16:27:23.205782Z"
"110","1","trash","2025-12-11T16:27:23.205782Z","110","/data/uncertain_images/biodegradable607_jpg.rf.1958f4371966d412f6eb15be528ddf9f.jpg","2.0","2025-12-11T16:27:23.205782Z"
"111","1","trash","2025-12-11T16:27:23.205782Z","111","/data/uncertain_images/biodegradable617_jpg.rf.a47e8d8abba35104f4ecc4637b52ef4e.jpg","2.5","2025-12-11T16:27:23.205782Z"
"112","1","trash","2025-12-11T16:27:23.205782Z","112","/data/uncertain_images/biodegradable619_jpg.rf.1cebf30d3ab76a2eacf2adca5dbfcc8d.jpg","3.0","2025-12-11T16:27:23.205782Z"
"113","1","trash","2025-12-11T16:27:23.205782Z","113","/data/uncertain_images/biodegradable633_jpg.rf.175da081e22b2ed59e833d35117e77d1.jpg","3.5","2025-12-11T16:27:23.205782Z"
"114","1","trash","2025-12-11T16:27:23.205782Z","114","/data/uncertain_images/biodegradable650_jpg.rf.645a6822a036959df5e334d4006d2c75.jpg","4.0","2025-12-11T16:27:23.205782Z"
"115","1","trash","2025-12-11T16:27:23.205782Z","115","/data/uncertain_images/biodegradable659_jpg.rf.83bd0962824a2cd5e17b997a301b8b8e.jpg","2.0","2025-12-11T16:27:23.205782Z"
"116","1","trash","2025-12-11T16:27:23.205782Z","116","/data/uncertain_images/biodegradable665_jpg.rf.c4875efbcd1e1c5add2d5c35b8455c20.jpg","2.5","2025-12-11T16:27:23.205782Z"
"117","1","trash","2025-12-11T16:27:23.205782Z","117","/data/uncertain_images/biodegradable678_jpg.rf.b145b01079d798a44768a1481526fbbd.jpg","3.0","2025-12-11T16:27:23.205782Z"
"118","1","trash","2025-12-11T16:27:23.205782Z","118","/data/uncertain_images/biodegradable684_jpg.rf.b6fd4e1709ce6a1392ce73b721b3a559.jpg","3.5","2025-12-11T16:27:23.205782Z"
"119","1","trash","2025-12-11T16:27:23.205782Z","119","/data/uncertain_images/biodegradable687_jpg.rf.b245462d734888fc6fdd12b5306d2b10.jpg","4.0","2025-12-11T16:27:23.205782Z"
"120","1","trash","2025-12-11T16:27:23.205782Z","120","/data/uncertain_images/biodegradable699_jpg.rf.c34c800daf5ae7a2af3c356acef74ad1.jpg","2.0","2025-12-11T16:27:23.205782Z"
"121","1","trash","2025-12-11T16:27:23.205782Z","121","/data/uncertain_images/biodegradable705_jpg.rf.ff7f37261b5454f631fee117d3a516cb.jpg","2.5","2025-12-11T16:27:23.205782Z"
"122","1","trash","2025-12-11T16:27:23.205782Z","122","/data/uncertain_images/biodegradable714_jpg.rf.bd83a884b4713f642fa4220860a2db58.jpg","3.0","2025-12-11T16:27:23.205782Z"
"123","1","trash","2025-12-11T16:27:23.205782Z","123","/data/uncertain_images/biodegradable716_jpg.rf.40d51eed4ed39679d2436f9abb9cdc07.jpg","3.5","2025-12-11T16:27:23.205782Z"
"124","1","trash","2025-12-11T16:27:23.205782Z","124","/data/uncertain_images/biodegradable720_jpg.rf.11ed243e4d161491f1976c9713ad703a.jpg","4.0","2025-12-11T16:27:23.205782Z"
"125","1","trash","2025-12-11T16:27:23.205782Z","125","/data/uncertain_images/biodegradable750_jpg.rf.0f3ad9255a006dc6c9c13a82265965f9.jpg","2.0","2025-12-11T16:27:23.205782Z"
"126","1","trash","2025-12-11T16:27:23.205782Z","126","/data/uncertain_images/biodegradable763_jpg.rf.cd067baa3e1cefd8e3acb91aab4b1988.jpg","2.5","2025-12-11T16:27:23.205782Z"
"127","1","trash","2025-12-11T16:27:23.205782Z","127","/data/uncertain_images/biodegradable774_jpg.rf.831f136dd5ef1760a86d16301de159ac.jpg","3.0","2025-12-11T16:27:23.205782Z"
"128","1","trash","2025-12-11T16:27:23.205782Z","128","/data/uncertain_images/biodegradable775_jpg.rf.ae435cb4c7fa18fbb7d849f3d26b2483.jpg","3.5","2025-12-11T16:27:23.205782Z"
"129","1","trash","2025-12-11T16:27:23.205782Z","129","/data/uncertain_images/biodegradable792_jpg.rf.31c4e6ef4898c78c76ba1d7c22bd85da.jpg","4.0","2025-12-11T16:27:23.205782Z"
"130","1","trash","2025-12-11T16:27:23.205782Z","130","/data/uncertain_images/biodegradable793_jpg.rf.c031e1b63cc4932d3dd88f3f92debe4f.jpg","2.0","2025-12-11T16:27:23.205782Z"
"131","1","trash","2025-12-11T16:27:23.205782Z","131","/data/uncertain_images/biodegradable797_jpg.rf.ab58da4ac5107dee18cdebcb297e73f0.jpg","2.5","2025-12-11T16:27:23.205782Z"
"132","1","trash","2025-12-11T16:27:23.205782Z","132","/data/uncertain_images/biodegradable800_jpg.rf.e1c2443bc8cbe71c1ee81bd49fd025ae.jpg","3.0","2025-12-11T16:27:23.205782Z"
"133","1","trash","2025-12-11T16:27:23.205782Z","133","/data/uncertain_images/biodegradable836_jpg.rf.191d64e3f6fbbe0a992a1fb07e1e82d1.jpg","3.5","2025-12-11T16:27:23.205782Z"
"134","1","trash","2025-12-11T16:27:23.205782Z","134","/data/uncertain_images/biodegradable853_jpg.rf.dba33d9565d2e09f89bb99b61e4bcadc.jpg","4.0","2025-12-11T16:27:23.205782Z"
"135","1","trash","2025-12-11T16:27:23.205782Z","135","/data/uncertain_images/biodegradable855_jpg.rf.2c4c13e201316a286b0207664e2bd430.jpg","2.0","2025-12-11T16:27:23.205782Z"
"136","1","trash","2025-12-11T16:27:23.205782Z","136","/data/uncertain_images/biodegradable873_jpg.rf.2e511edd27fb84624549b486578e8cb8.jpg","2.5","2025-12-11T16:27:23.205782Z"
"137","1","trash","2025-12-11T16:27:23.205782Z","137","/data/uncertain_images/biodegradable874_jpg.rf.65eec251a388dc6d849dfa5d5517e47f.jpg","3.0","2025-12-11T16:27:23.205782Z"
"138","1","trash","2025-12-11T16:27:23.205782Z","138","/data/uncertain_images/biodegradable903_jpg.rf.6fff3e52cc391d28378ea8fe8c92fbca.jpg","3.5","2025-12-11T16:27:23.205782Z"
"139","1","trash","2025-12-11T16:27:23.205782Z","139","/data/uncertain_images/biodegradable905_jpg.rf.a9b966115306f78c2aa8b2ee09748fdd.jpg","4.0","2025-12-11T16:27:23.205782Z"
"140","1","trash","2025-12-11T16:27:23.205782Z","140","/data/uncertain_images/biodegradable908_jpg.rf.0eb68fe9a2d2e34e07dee5f64c75b179.jpg","2.0","2025-12-11T16:27:23.205782Z"
"141","1","trash","2025-12-11T16:27:23.205782Z","141","/data/uncertain_images/biodegradable910_jpg.rf.18086d9365b246c1b7d31dab35d57987.jpg","2.5","2025-12-11T16:27:23.205782Z"
"142","1","trash","2025-12-11T16:27:23.205782Z","142","/data/uncertain_images/biodegradable912_jpg.rf.1366dfa61aa1588f0a97226804c70574.jpg","3.0","2025-12-11T16:27:23.205782Z"
"143","1","trash","2025-12-11T16:27:23.205782Z","143","/data/uncertain_images/biodegradable944_jpg.rf.204f0225dc412c4c984e4307968e1e06.jpg","3.5","2025-12-11T16:27:23.205782Z"
"144","1","trash","2025-12-11T16:27:23.205782Z","144","/data/uncertain_images/biodegradable946_jpg.rf.8203d03392f229e1d86ebd17ef10bfe0.jpg","4.0","2025-12-11T16:27:23.205782Z"
"145","1","trash","2025-12-11T16:27:23.205782Z","145","/data/uncertain_images/biodegradable953_jpg.rf.dfef9dceac012bf6e1d7a5ac04b5244f.jpg","2.0","2025-12-11T16:27:23.205782Z"
"146","1","trash","2025-12-11T16:27:23.205782Z","146","/data/uncertain_images/biodegradable957_jpg.rf.7a425311449a1f500e77409324ae5af4.jpg","2.5","2025-12-11T16:27:23.205782Z"
"147","1","cardboard","2025-12-11T16:27:23.205782Z","147","/data/uncertain_images/cardboard1030_jpg.rf.8419bc08cfb41d80bb82f2c2af2479f4.jpg","3.0","2025-12-11T16:27:23.205782Z"
"148","1","cardboard","2025-12-11T16:27:23.205782Z","148","/data/uncertain_images/cardboard1040_jpg.rf.29d5dcec6a0c7c7b46c0be2155797b49.jpg","3.5","2025-12-11T16:27:23.205782Z"
"149","1","cardboard","2025-12-11T16:27:23.205782Z","149","/data/uncertain_images/cardboard1050_jpg.rf.4326a42f6030ce9c2185c05ddf0ea4f9.jpg","4.0","2025-12-11T16:27:23.205782Z"
"150","1","cardboard","2025-12-11T16:27:23.205782Z","150","/data/uncertain_images/cardboard106_jpg.rf.0048a101b54efb0f6642c239df142ae9.jpg","2.0","2025-12-11T16:27:23.205782Z"
"151","1","cardboard","2025-12-11T16:27:23.205782Z","151","/data/uncertain_images/cardboard1084_jpg.rf.d4ce3445e8d4b104f4f35ad3c4937659.jpg","2.5","2025-12-11T16:27:23.205782Z"
"152","1","cardboard","2025-12-11T16:27:23.205782Z","152","/data/uncertain_images/cardboard1085_jpg.rf.bb3d21b11ba199c00431ffc56b2102c7.jpg","3.0","2025-12-11T16:27:23.205782Z"
"153","1","cardboard","2025-12-11T16:27:23.205782Z","153","/data/uncertain_images/cardboard1094_jpg.rf.d8c7fce122e5d29151f1da6fdbf170c8.jpg","3.5","2025-12-11T16:27:23.205782Z"
"154","1","cardboard","2025-12-11T16:27:23.205782Z","154","/data/uncertain_images/cardboard1103_jpg.rf.a9ee682d82b434f050716756ae55fdf4.jpg","4.0","2025-12-11T16:27:23.205782Z"
"155","1","cardboard","2025-12-11T16:27:23.205782Z","155","/data/uncertain_images/cardboard1108_jpg.rf.b67018f1ed10cbf7232392714f08ed63.jpg","2.0","2025-12-11T16:27:23.205782Z"
"156","1","cardboard","2025-12-11T16:27:23.205782Z","156","/data/uncertain_images/cardboard110_jpg.rf.f6cde8009b1dde0de4f727b8b3be2679.jpg","2.5","2025-12-11T16:27:23.205782Z"
"157","1","cardboard","2025-12-11T16:27:23.205782Z","157","/data/uncertain_images/cardboard1115_jpg.rf.287938310378688aa3028ea1432c7414.jpg","3.0","2025-12-11T16:27:23.205782Z"
"158","1","cardboard","2025-12-11T16:27:23.205782Z","158","/data/uncertain_images/cardboard1122_jpg.rf.3facbc2ae62dcff95108cf5fd730f446.jpg","3.5","2025-12-11T16:27:23.205782Z"
"159","1","cardboard","2025-12-11T16:27:23.205782Z","159","/data/uncertain_images/cardboard1127_jpg.rf.1f7c444193bc532aff1a994844d42865.jpg","4.0","2025-12-11T16:27:23.205782Z"
"160","1","cardboard","2025-12-11T16:27:23.205782Z","160","/data/uncertain_images/cardboard1128_jpg.rf.52eb508285648ddfe448c1f91d278d09.jpg","2.0","2025-12-11T16:27:23.205782Z"
"161","1","cardboard","2025-12-11T16:27:23.205782Z","161","/data/uncertain_images/cardboard1142_jpg.rf.76cf442507a64a7d05ac334590490066.jpg","2.5","2025-12-11T16:27:23.205782Z"
"162","1","cardboard","2025-12-11T16:27:23.205782Z","162","/data/uncertain_images/cardboard1170_jpg.rf.8328d3067fe6824c86592e90891e2ebf.jpg","3.0","2025-12-11T16:27:23.205782Z"
"163","1","cardboard","2025-12-11T16:27:23.205782Z","163","/data/uncertain_images/cardboard1176_jpg.rf.d18691892eba93c8b4b9bf9d4852c499.jpg","3.5","2025-12-11T16:27:23.205782Z"
"164","1","cardboard","2025-12-11T16:27:23.205782Z","164","/data/uncertain_images/cardboard1181_jpg.rf.ef3973823dbc193354f621b74f131a5d.jpg","4.0","2025-12-11T16:27:23.205782Z"
"165","1","cardboard","2025-12-11T16:27:23.205782Z","165","/data/uncertain_images/cardboard1188_jpg.rf.bf3028ab3411d07d981aea6d6704c60b.jpg","2.0","2025-12-11T16:27:23.205782Z"
"166","1","cardboard","2025-12-11T16:27:23.205782Z","166","/data/uncertain_images/cardboard119_jpg.rf.6d6e17c433d43d06c1d579d054c2d895.jpg","2.5","2025-12-11T16:27:23.205782Z"
"167","1","cardboard","2025-12-11T16:27:23.205782Z","167","/data/uncertain_images/cardboard1206_jpg.rf.ccc3b5ea0099d96cd170bb555a4cceda.jpg","3.0","2025-12-11T16:27:23.205782Z"
"168","1","cardboard","2025-12-11T16:27:23.205782Z","168","/data/uncertain_images/cardboard1207_jpg.rf.d2d6a08cc6163d791880182fc1507c4d.jpg","3.5","2025-12-11T16:27:23.205782Z"
"169","1","cardboard","2025-12-11T16:27:23.205782Z","169","/data/uncertain_images/cardboard1226_jpg.rf.2fb299432cb2bddc1f38fb697c188ee2.jpg","4.0","2025-12-11T16:27:23.205782Z"
"170","1","cardboard","2025-12-11T16:27:23.205782Z","170","/data/uncertain_images/cardboard1242_jpg.rf.a97768f657f8f0a9788b1c81f21e18e0.jpg","2.0","2025-12-11T16:27:23.205782Z"
"171","1","cardboard","2025-12-11T16:27:23.205782Z","171","/data/uncertain_images/cardboard1245_jpg.rf.356c5b32dfa8773b62d52d3927b1f64e.jpg","2.5","2025-12-11T16:27:23.205782Z"
"172","1","cardboard","2025-12-11T16:27:23.205782Z","172","/data/uncertain_images/cardboard1275_jpg.rf.482738f56a3d1fd61cceb2ec4ea94576.jpg","3.0","2025-12-11T16:27:23.205782Z"
"173","1","cardboard","2025-12-11T16:27:23.205782Z","173","/data/uncertain_images/cardboard1277_jpg.rf.065da293f5bc1abc28735b54e3c10b3c.jpg","3.5","2025-12-11T16:27:23.205782Z"
"174","1","cardboard","2025-12-11T16:27:23.205782Z","174","/data/uncertain_images/cardboard1320_jpg.rf.02ff50374e8942800d8470a010ac907c.jpg","4.0","2025-12-11T16:27:23.205782Z"
"175","1","cardboard","2025-12-11T16:27:23.205782Z","175","/data/uncertain_images/cardboard1336_jpg.rf.3399cfd7ad2558419a855166343025b8.jpg","2.0","2025-12-11T16:27:23.205782Z"
"176","1","cardboard","2025-12-11T16:27:23.205782Z","176","/data/uncertain_images/cardboard1348_jpg.rf.84b9816ba6b9c0d30f8ede05e1cb7c22.jpg","2.5","2025-12-11T16:27:23.205782Z"
"177","1","cardboard","2025-12-11T16:27:23.205782Z","177","/data/uncertain_images/cardboard1349_jpg.rf.0501f4e898b4ce542b98f9d57e3d0241.jpg","3.0","2025-12-11T16:27:23.205782Z"
"178","1","cardboard","2025-12-11T16:27:23.205782Z","178","/data/uncertain_images/cardboard1376_jpg.rf.8ef559a299db73fc48d3c75a5dab49b8.jpg","3.5","2025-12-11T16:27:23.205782Z"
"179","1","cardboard","2025-12-11T16:27:23.205782Z","179","/data/uncertain_images/cardboard1389_jpg.rf.5d0d6ea61c3f9175fc12cb02f636fda4.jpg","4.0","2025-12-11T16:27:23.205782Z"
"180","1","cardboard","2025-12-11T16:27:23.205782Z","180","/data/uncertain_images/cardboard1439_jpg.rf.354e89b1ca1dd616ed0a97cdd8716577.jpg","2.0","2025-12-11T16:27:23.205782Z"
"181","1","cardboard","2025-12-11T16:27:23.205782Z","181","/data/uncertain_images/cardboard1461_jpg.rf.fd48751f76c04a709f4b67eab500b00d.jpg","2.5","2025-12-11T16:27:23.205782Z"
"182","1","cardboard","2025-12-11T16:27:23.205782Z","182","/data/uncertain_images/cardboard146_jpg.rf.89518ba8c2ae36104a9911f0b2f5756f.jpg","3.0","2025-12-11T16:27:23.205782Z"
"183","1","cardboard","2025-12-11T16:27:23.205782Z","183","/data/uncertain_images/cardboard1471_jpg.rf.ade2514adaaa1d97315f425a1580987d.jpg","3.5","2025-12-11T16:27:23.205782Z"
"184","1","cardboard","2025-12-11T16:27:23.205782Z","184","/data/uncertain_images/cardboard1476_jpg.rf.eb61dfdf02734c0355dd095b6ad3643c.jpg","4.0","2025-12-11T16:27:23.205782Z"
"185","1","cardboard","2025-12-11T16:27:23.205782Z","185","/data/uncertain_images/cardboard1505_jpg.rf.6745eb391d62d61f4770ce9bab4583d4.jpg","2.0","2025-12-11T16:27:23.205782Z"
"186","1","cardboard","2025-12-11T16:27:23.205782Z","186","/data/uncertain_images/cardboard1518_jpg.rf.da6b504319c6d1cc3ca7721a157e81da.jpg","2.5","2025-12-11T16:27:23.205782Z"
"187","1","cardboard","2025-12-11T16:27:23.205782Z","187","/data/uncertain_images/cardboard1539_jpg.rf.427b130bc4781d960342cf4f5b968399.jpg","3.0","2025-12-11T16:27:23.205782Z"
"188","1","cardboard","2025-12-11T16:27:23.205782Z","188","/data/uncertain_images/cardboard1556_jpg.rf.99daede1d1eb0864d8059917a563e41d.jpg","3.5","2025-12-11T16:27:23.205782Z"
"189","1","cardboard","2025-12-11T16:27:23.205782Z","189","/data/uncertain_images/cardboard1576_jpg.rf.5513cbe5af814051bb305c69de6fd352.jpg","4.0","2025-12-11T16:27:23.205782Z"
"190","1","cardboard","2025-12-11T16:27:23.205782Z","190","/data/uncertain_images/cardboard1596_jpg.rf.8e934ab7dd9bdbe589e36f0ed59085bf.jpg","2.0","2025-12-11T16:27:23.205782Z"
"191","1","cardboard","2025-12-11T16:27:23.205782Z","191","/data/uncertain_images/cardboard1612_jpg.rf.a5a9066b772a0c41d9fa15dd65e97e27.jpg","2.5","2025-12-11T16:27:23.205782Z"
"192","1","cardboard","2025-12-11T16:27:23.205782Z","192","/data/uncertain_images/cardboard1624_jpg.rf.17b3399d4e2c757a978c1e7b451199b6.jpg","3.0","2025-12-11T16:27:23.205782Z"
"193","1","cardboard","2025-12-11T16:27:23.205782Z","193","/data/uncertain_images/cardboard1626_jpg.rf.439a461246933a22c92b4951885f35f2.jpg","3.5","2025-12-11T16:27:23.205782Z"
"194","1","cardboard","2025-12-11T16:27:23.205782Z","194","/data/uncertain_images/cardboard1640_jpg.rf.f54f322c4cd202c23d15614b40c156a2.jpg","4.0","2025-12-11T16:27:23.205782Z"
"195","1","cardboard","2025-12-11T16:27:23.205782Z","195","/data/uncertain_images/cardboard1647_jpg.rf.27d184e9ac25119610a71c419d3a06aa.jpg","2.0","2025-12-11T16:27:23.205782Z"
"196","1","cardboard","2025-12-11T16:27:23.205782Z","196","/data/uncertain_images/cardboard1670_jpg.rf.af731ed13531cda4c9b9484d4736ae06.jpg","2.5","2025-12-11T16:27:23.205782Z"
"197","1","cardboard","2025-12-11T16:27:23.205782Z","197","/data/uncertain_images/cardboard1684_jpg.rf.91a3076e7ff0b940f7d2a0a67c7cef28.jpg","3.0","2025-12-11T16:27:23.205782Z"
"198","1","cardboard","2025-12-11T16:27:23.205782Z","198","/data/uncertain_images/cardboard1711_jpg.rf.770d8a98d3d28c588494a0e90a862e49.jpg","3.5","2025-12-11T16:27:23.205782Z"
"199","1","cardboard","2025-12-11T16:27:23.205782Z","199","/data/uncertain_images/cardboard1726_jpg.rf.d35f93fe4965951f513b9a10a403b737.jpg","4.0","2025-12-11T16:27:23.205782Z"
"200","1","cardboard","2025-12-11T16:27:23.205782Z","200","/data/uncertain_images/cardboard1765_jpg.rf.8c3ffd8b45987b1b39a889bb7912f053.jpg","2.0","2025-12-11T16:27:23.205782Z"
"201","1","cardboard","2025-12-11T16:27:23.205782Z","201","/data/uncertain_images/cardboard176_jpg.rf.1f996897382944b76a462ab1b0642396.jpg","2.5","2025-12-11T16:27:23.205782Z"
"202","1","cardboard","2025-12-11T16:27:23.205782Z","202","/data/uncertain_images/cardboard179_jpg.rf.4d875bbc5bba4b7985df37630f2c1d9f.jpg","3.0","2025-12-11T16:27:23.205782Z"
"203","1","cardboard","2025-12-11T16:27:23.205782Z","203","/data/uncertain_images/cardboard1816_jpg.rf.a148308440fc6e590ce8377281c8a4b0.jpg","3.5","2025-12-11T16:27:23.205782Z"
"204","1","cardboard","2025-12-11T16:27:23.205782Z","204","/data/uncertain_images/cardboard1824_jpg.rf.08193105475ebb8a9f17d741ceb32e26.jpg","4.0","2025-12-11T16:27:23.205782Z"
"205","1","cardboard","2025-12-11T16:27:23.205782Z","205","/data/uncertain_images/cardboard198_jpg.rf.a174a9b1cbd36a0bf897a239bf0010c9.jpg","2.0","2025-12-11T16:27:23.205782Z"
"206","1","cardboard","2025-12-11T16:27:23.205782Z","206","/data/uncertain_images/cardboard1_jpg.rf.593038a523b21669568991665737a810.jpg","2.5","2025-12-11T16:27:23.205782Z"
"207","1","cardboard","2025-12-11T16:27:23.205782Z","207","/data/uncertain_images/cardboard222_jpg.rf.6e8619f1ea216620c1e4b0908d6a0001.jpg","3.0","2025-12-11T16:27:23.205782Z"
"208","1","cardboard","2025-12-11T16:27:23.205782Z","208","/data/uncertain_images/cardboard253_jpg.rf.1086c0b36fda836e7912b3984a4b1be3.jpg","3.5","2025-12-11T16:27:23.205782Z"
"209","1","cardboard","2025-12-11T16:27:23.205782Z","209","/data/uncertain_images/cardboard270_jpg.rf.b4634fdeaef1cbd60ace5da03838bc64.jpg","4.0","2025-12-11T16:27:23.205782Z"
"210","1","cardboard","2025-12-11T16:27:23.205782Z","210","/data/uncertain_images/cardboard279_jpg.rf.b66d1cd47fcf0ed28861b91cc96cb225.jpg","2.0","2025-12-11T16:27:23.205782Z"
"211","1","cardboard","2025-12-11T16:27:23.205782Z","211","/data/uncertain_images/cardboard312_jpg.rf.600361c12d71c0d6d137e292620071e2.jpg","2.5","2025-12-11T16:27:23.205782Z"
"212","1","cardboard","2025-12-11T16:27:23.205782Z","212","/data/uncertain_images/cardboard320_jpg.rf.326fb8dfb0d8a779c5b7e05b1522119e.jpg","3.0","2025-12-11T16:27:23.205782Z"
"213","1","cardboard","2025-12-11T16:27:23.205782Z","213","/data/uncertain_images/cardboard336_jpg.rf.93e009ea880669c59c1f48fa05da3350.jpg","3.5","2025-12-11T16:27:23.205782Z"
"214","1","cardboard","2025-12-11T16:27:23.205782Z","214","/data/uncertain_images/cardboard347_jpg.rf.694a12e324a649d67eea009debe8798f.jpg","4.0","2025-12-11T16:27:23.205782Z"
"215","1","cardboard","2025-12-11T16:27:23.205782Z","215","/data/uncertain_images/cardboard358_jpg.rf.95cdc0e719015f350e9a2a9d05f426f3.jpg","2.0","2025-12-11T16:27:23.205782Z"
"216","1","cardboard","2025-12-11T16:27:23.205782Z","216","/data/uncertain_images/cardboard374_jpg.rf.d2ba3bc75267def721f9eb4f5a53f6f7.jpg","2.5","2025-12-11T16:27:23.205782Z"
"217","1","cardboard","2025-12-11T16:27:23.205782Z","217","/data/uncertain_images/cardboard418_jpg.rf.f1b6eb68b23661ce56b49f8f68e4c96f.jpg","3.0","2025-12-11T16:27:23.205782Z"
"218","1","cardboard","2025-12-11T16:27:23.205782Z","218","/data/uncertain_images/cardboard43_jpg.rf.a2a2423ce6458ba3ecd5f6e407291bdf.jpg","3.5","2025-12-11T16:27:23.205782Z"
"219","1","cardboard","2025-12-11T16:27:23.205782Z","219","/data/uncertain_images/cardboard462_jpg.rf.6661f607ea2ec7c99fd9756a30565e93.jpg","4.0","2025-12-11T16:27:23.205782Z"
"220","1","cardboard","2025-12-11T16:27:23.205782Z","220","/data/uncertain_images/cardboard511_jpg.rf.201ba50ff66e960dab0ad181dbea0f45.jpg","2.0","2025-12-11T16:27:23.205782Z"
"221","1","cardboard","2025-12-11T16:27:23.205782Z","221","/data/uncertain_images/cardboard524_jpg.rf.0c9360b6024b49fdc506514a4329f84e.jpg","2.5","2025-12-11T16:27:23.205782Z"
"222","1","cardboard","2025-12-11T16:27:23.205782Z","222","/data/uncertain_images/cardboard533_jpg.rf.1a088f0f32e51b9eccdebd792c8dbc77.jpg","3.0","2025-12-11T16:27:23.205782Z"
"223","1","cardboard","2025-12-11T16:27:23.205782Z","223","/data/uncertain_images/cardboard545_jpg.rf.53a45aa1af9c529f33f30a9874cb8f77.jpg","3.5","2025-12-11T16:27:23.205782Z"
"224","1","cardboard","2025-12-11T16:27:23.205782Z","224","/data/uncertain_images/cardboard597_jpg.rf.3f79c72623e04952a041442a3479cef6.jpg","4.0","2025-12-11T16:27:23.205782Z"
"225","1","cardboard","2025-12-11T16:27:23.205782Z","225","/data/uncertain_images/cardboard632_jpg.rf.57f52afa4c5f2248b98a882f4e313f43.jpg","2.0","2025-12-11T16:27:23.205782Z"
"226","1","cardboard","2025-12-11T16:27:23.205782Z","226","/data/uncertain_images/cardboard647_jpg.rf.003379657b9f27b7f33810e40951a40e.jpg","2.5","2025-12-11T16:27:23.205782Z"
"227","1","cardboard","2025-12-11T16:27:23.205782Z","227","/data/uncertain_images/cardboard659_jpg.rf.3ff93c5a537d50b79e28c99401182e42.jpg","3.0","2025-12-11T16:27:23.205782Z"
"228","1","cardboard","2025-12-11T16:27:23.205782Z","228","/data/uncertain_images/cardboard660_jpg.rf.9afd09efd810bf3716424a53e42bb344.jpg","3.5","2025-12-11T16:27:23.205782Z"
"229","1","cardboard","2025-12-11T16:27:23.205782Z","229","/data/uncertain_images/cardboard667_jpg.rf.99c346885e4fdedb30c53e7fbfa5f904.jpg","4.0","2025-12-11T16:27:23.205782Z"
"230","1","cardboard","2025-12-11T16:27:23.205782Z","230","/data/uncertain_images/cardboard673_jpg.rf.885f882f53aabc90d11801a2fc5430a2.jpg","2.0","2025-12-11T16:27:23.205782Z"
"231","1","cardboard","2025-12-11T16:27:23.205782Z","231","/data/uncertain_images/cardboard736_jpg.rf.d0ca1b421d8cd27404a6880c7b8f80b6.jpg","2.5","2025-12-11T16:27:23.205782Z"
"232","1","cardboard","2025-12-11T16:27:23.205782Z","232","/data/uncertain_images/cardboard742_jpg.rf.2af9d7a44d2f3d44ade578d55d22160c.jpg","3.0","2025-12-11T16:27:23.205782Z"
"233","1","cardboard","2025-12-11T16:27:23.205782Z","233","/data/uncertain_images/cardboard770_jpg.rf.55341cbca02fd911e7de2a546b76f5f5.jpg","3.5","2025-12-11T16:27:23.205782Z"
"234","1","cardboard","2025-12-11T16:27:23.205782Z","234","/data/uncertain_images/cardboard772_jpg.rf.7dd46c1f7395e50832c9755a5994a473.jpg","4.0","2025-12-11T16:27:23.205782Z"
"235","1","cardboard","2025-12-11T16:27:23.205782Z","235","/data/uncertain_images/cardboard808_jpg.rf.8506b70a08471f390253a3f7222caa8d.jpg","2.0","2025-12-11T16:27:23.205782Z"
"236","1","cardboard","2025-12-11T16:27:23.205782Z","236","/data/uncertain_images/cardboard816_jpg.rf.618346c25273a4c6bd4a780ac1e7bcbe.jpg","2.5","2025-12-11T16:27:23.205782Z"
"237","1","cardboard","2025-12-11T16:27:23.205782Z","237","/data/uncertain_images/cardboard851_jpg.rf.6c0dc868eeed6c327500d318e56295fe.jpg","3.0","2025-12-11T16:27:23.205782Z"
"238","1","cardboard","2025-12-11T16:27:23.205782Z","238","/data/uncertain_images/cardboard861_jpg.rf.fbe869d3e52aac1f59848b88456a4fba.jpg","3.5","2025-12-11T16:27:23.205782Z"
"239","1","cardboard","2025-12-11T16:27:23.205782Z","239","/data/uncertain_images/cardboard880_jpg.rf.e79b2ea6c43aac7077acc2ccbb1dea7a.jpg","4.0","2025-12-11T16:27:23.205782Z"
"240","1","cardboard","2025-12-11T16:27:23.205782Z","240","/data/uncertain_images/cardboard889_jpg.rf.91e30cd1cceadebc473a63fffc9b3bb1.jpg","2.0","2025-12-11T16:27:23.205782Z"
"241","1","cardboard","2025-12-11T16:27:23.205782Z","241","/data/uncertain_images/cardboard900_jpg.rf.7f128eb7791b67d568ecd6bf98e275c7.jpg","2.5","2025-12-11T16:27:23.205782Z"
"242","1","glass","2025-12-11T16:27:23.205782Z","242","/data/uncertain_images/glass1020_jpg.rf.e301803b5146f7516b6baf4d12b2b60a.jpg","3.0","2025-12-11T16:27:23.205782Z"
"243","1","glass","2025-12-11T16:27:23.205782Z","243","/data/uncertain_images/glass1024_jpg.rf.2cf1761c505c3ccc4da92736f5a22e91.jpg","3.5","2025-12-11T16:27:23.205782Z"
"244","1","glass","2025-12-11T16:27:23.205782Z","244","/data/uncertain_images/glass1057_jpg.rf.72e18733de893770e763907dfcefe838.jpg","4.0","2025-12-11T16:27:23.205782Z"
"245","1","glass","2025-12-11T16:27:23.205782Z","245","/data/uncertain_images/glass1064_jpg.rf.b7827f16f58d8d402f6fe030fc8f7c01.jpg","2.0","2025-12-11T16:27:23.205782Z"
"246","1","glass","2025-12-11T16:27:23.205782Z","246","/data/uncertain_images/glass1080_jpg.rf.623de607880059d7aef7359311032932.jpg","2.5","2025-12-11T16:27:23.205782Z"
"247","1","glass","2025-12-11T16:27:23.205782Z","247","/data/uncertain_images/glass1087_jpg.rf.fa07cba82d098a89de5e7ac81640de1f.jpg","3.0","2025-12-11T16:27:23.205782Z"
"248","1","glass","2025-12-11T16:27:23.205782Z","248","/data/uncertain_images/glass1096_jpg.rf.417de5991e19d887c8c6c0130de46348.jpg","3.5","2025-12-11T16:27:23.205782Z"
"249","1","glass","2025-12-11T16:27:23.205782Z","249","/data/uncertain_images/glass1098_jpg.rf.29527f3b682a609f4ab7604492efc6dd.jpg","4.0","2025-12-11T16:27:23.205782Z"
"250","1","glass","2025-12-11T16:27:23.205782Z","250","/data/uncertain_images/glass1105_jpg.rf.15b1bbe7e334d70a03ecc7e13f61fb7d.jpg","2.0","2025-12-11T16:27:23.205782Z"
"251","1","glass","2025-12-11T16:27:23.205782Z","251","/data/uncertain_images/glass1121_jpg.rf.3d35add347a48747f34a1d4aca565dd0.jpg","2.5","2025-12-11T16:27:23.205782Z"
"252","1","glass","2025-12-11T16:27:23.205782Z","252","/data/uncertain_images/glass1123_jpg.rf.f21f6ba684776d28a635e0f70205d046.jpg","3.0","2025-12-11T16:27:23.205782Z"
"253","1","glass","2025-12-11T16:27:23.205782Z","253","/data/uncertain_images/glass1147_jpg.rf.732148c88cca88565e6253c7434f826c.jpg","3.5","2025-12-11T16:27:23.205782Z"
"254","1","glass","2025-12-11T16:27:23.205782Z","254","/data/uncertain_images/glass1173_jpg.rf.11177a94ce6039ff1004e61ed2ca23af.jpg","4.0","2025-12-11T16:27:23.205782Z"
"255","1","glass","2025-12-11T16:27:23.205782Z","255","/data/uncertain_images/glass1187_jpg.rf.504670c364e6b39c383e1d3638b1b699.jpg","2.0","2025-12-11T16:27:23.205782Z"
"256","1","glass","2025-12-11T16:27:23.205782Z","256","/data/uncertain_images/glass1191_jpg.rf.a57e9c30564cb7ffb35456d1f8ed6992.jpg","2.5","2025-12-11T16:27:23.205782Z"
"257","1","glass","2025-12-11T16:27:23.205782Z","257","/data/uncertain_images/glass120_jpg.rf.544c1129090fcabc74c80dde58d1e2aa.jpg","3.0","2025-12-11T16:27:23.205782Z"
"258","1","glass","2025-12-11T16:27:23.205782Z","258","/data/uncertain_images/glass1211_jpg.rf.ac47a963c7bf746411e8e173ee2d385a.jpg","3.5","2025-12-11T16:27:23.205782Z"
"259","1","glass","2025-12-11T16:27:23.205782Z","259","/data/uncertain_images/glass1240_jpg.rf.7c88df0be182fcdb82ad771b3a2f91cf.jpg","4.0","2025-12-11T16:27:23.205782Z"
"260","1","glass","2025-12-11T16:27:23.205782Z","260","/data/uncertain_images/glass1242_jpg.rf.5776df062c756a2ebdea19f288fc3d3f.jpg","2.0","2025-12-11T16:27:23.205782Z"
"261","1","glass","2025-12-11T16:27:23.205782Z","261","/data/uncertain_images/glass1252_jpg.rf.6dee46645b39e5c3e639a1dde4ae03b8.jpg","2.5","2025-12-11T16:27:23.205782Z"
"262","1","glass","2025-12-11T16:27:23.205782Z","262","/data/uncertain_images/glass1273_jpg.rf.d1306e2c3697182b9b7187bd6eea1365.jpg","3.0","2025-12-11T16:27:23.205782Z"
"263","1","glass","2025-12-11T16:27:23.205782Z","263","/data/uncertain_images/glass1301_jpg.rf.49254047260ced7658df23ba99100e01.jpg","3.5","2025-12-11T16:27:23.205782Z"
"264","1","glass","2025-12-11T16:27:23.205782Z","264","/data/uncertain_images/glass1322_jpg.rf.ff0e6614a3a4189251eba51b1346bb5b.jpg","4.0","2025-12-11T16:27:23.205782Z"
"265","1","glass","2025-12-11T16:27:23.205782Z","265","/data/uncertain_images/glass1346_jpg.rf.5dba4eea7026398762b75ea6bd410dab.jpg","2.0","2025-12-11T16:27:23.205782Z"
"266","1","glass","2025-12-11T16:27:23.205782Z","266","/data/uncertain_images/glass1347_jpg.rf.e06050354947e45ea57566bb19bf14d8.jpg","2.5","2025-12-11T16:27:23.205782Z"
"267","1","glass","2025-12-11T16:27:23.205782Z","267","/data/uncertain_images/glass1382_jpg.rf.2822378500c82af642196ea078464de1.jpg","3.0","2025-12-11T16:27:23.205782Z"
"268","1","glass","2025-12-11T16:27:23.205782Z","268","/data/uncertain_images/glass138_jpg.rf.497db7986df9734463bf174b087fbb65.jpg","3.5","2025-12-11T16:27:23.205782Z"
"269","1","glass","2025-12-11T16:27:23.205782Z","269","/data/uncertain_images/glass1391_jpg.rf.35b11b41349e522ef94c4390c83fbdd0.jpg","4.0","2025-12-11T16:27:23.205782Z"
"270","1","glass","2025-12-11T16:27:23.205782Z","270","/data/uncertain_images/glass140_jpg.rf.28a5ac6392726d9851980ef5f7995f86.jpg","2.0","2025-12-11T16:27:23.205782Z"
"271","1","glass","2025-12-11T16:27:23.205782Z","271","/data/uncertain_images/glass1418_jpg.rf.e94d26ff4b96231df6ae43a54db4fc29.jpg","2.5","2025-12-11T16:27:23.205782Z"
"272","1","glass","2025-12-11T16:27:23.205782Z","272","/data/uncertain_images/glass1435_jpg.rf.d541383815cb7565b4300322d1a61579.jpg","3.0","2025-12-11T16:27:23.205782Z"
"273","1","glass","2025-12-11T16:27:23.205782Z","273","/data/uncertain_images/glass1459_jpg.rf.8436e898659d55b89cab0a3002e8984c.jpg","3.5","2025-12-11T16:27:23.205782Z"
"274","1","glass","2025-12-11T16:27:23.205782Z","274","/data/uncertain_images/glass1464_jpg.rf.ccf1cefa4a968ef224a9dba56496a377.jpg","4.0","2025-12-11T16:27:23.205782Z"
"275","1","glass","2025-12-11T16:27:23.205782Z","275","/data/uncertain_images/glass1473_jpg.rf.d36c6a9462b6546d22979f55cbd2604f.jpg","2.0","2025-12-11T16:27:23.205782Z"
"276","1","glass","2025-12-11T16:27:23.205782Z","276","/data/uncertain_images/glass1491_jpg.rf.c1967a91be6823d48d8af20ee594471d.jpg","2.5","2025-12-11T16:27:23.205782Z"
"277","1","glass","2025-12-11T16:27:23.205782Z","277","/data/uncertain_images/glass1510_jpg.rf.5ae616c3f1af3e3c355e15d9e39715a8.jpg","3.0","2025-12-11T16:27:23.205782Z"
"278","1","glass","2025-12-11T16:27:23.205782Z","278","/data/uncertain_images/glass1530_jpg.rf.d1e4833044c4755706a88ef99b2aa009.jpg","3.5","2025-12-11T16:27:23.205782Z"
"279","1","glass","2025-12-11T16:27:23.205782Z","279","/data/uncertain_images/glass1537_jpg.rf.5e96942caefc5e0eeb142c265712543b.jpg","4.0","2025-12-11T16:27:23.205782Z"
"280","1","glass","2025-12-11T16:27:23.205782Z","280","/data/uncertain_images/glass15_jpg.rf.015f142ac483f8db59ae3e449d4be845.jpg","2.0","2025-12-11T16:27:23.205782Z"
"281","1","glass","2025-12-11T16:27:23.205782Z","281","/data/uncertain_images/glass1603_jpg.rf.01487abfb7ec717306ad913aa54e45d3.jpg","2.5","2025-12-11T16:27:23.205782Z"
"282","1","glass","2025-12-11T16:27:23.205782Z","282","/data/uncertain_images/glass1630_jpg.rf.dcccbc63de2de2ff9af11ef773b15e4b.jpg","3.0","2025-12-11T16:27:23.205782Z"
"283","1","glass","2025-12-11T16:27:23.205782Z","283","/data/uncertain_images/glass1631_jpg.rf.b58e78b3ceefa15c81cb1100a7c6aa2e.jpg","3.5","2025-12-11T16:27:23.205782Z"
"284","1","glass","2025-12-11T16:27:23.205782Z","284","/data/uncertain_images/glass1655_jpg.rf.2a460c9a70120d6ee2cd5f5fde3f8353.jpg","4.0","2025-12-11T16:27:23.205782Z"
"285","1","glass","2025-12-11T16:27:23.205782Z","285","/data/uncertain_images/glass165_jpg.rf.5049a2164e85787d2bf90718c79a73b0.jpg","2.0","2025-12-11T16:27:23.205782Z"
"286","1","glass","2025-12-11T16:27:23.205782Z","286","/data/uncertain_images/glass1661_jpg.rf.14300ca48f199def444dae0fff0fd851.jpg","2.5","2025-12-11T16:27:23.205782Z"
"287","1","glass","2025-12-11T16:27:23.205782Z","287","/data/uncertain_images/glass1674_jpg.rf.3a3a84873eb85370fa2a5ad27df6d9e1.jpg","3.0","2025-12-11T16:27:23.205782Z"
"288","1","glass","2025-12-11T16:27:23.205782Z","288","/data/uncertain_images/glass1686_jpg.rf.80f4cd299533a16e80289777ebde9ff1.jpg","3.5","2025-12-11T16:27:23.205782Z"
"289","1","glass","2025-12-11T16:27:23.205782Z","289","/data/uncertain_images/glass168_jpg.rf.bfc15a4795083047efd852a82516cffe.jpg","4.0","2025-12-11T16:27:23.205782Z"
"290","1","glass","2025-12-11T16:27:23.205782Z","290","/data/uncertain_images/glass1710_jpg.rf.8dcc8d3dc8ccdfa07816974253fe3441.jpg","2.0","2025-12-11T16:27:23.205782Z"
"291","1","glass","2025-12-11T16:27:23.205782Z","291","/data/uncertain_images/glass1729_jpg.rf.ba8ef52c51ff44211651d4d4a900865a.jpg","2.5","2025-12-11T16:27:23.205782Z"
"292","1","glass","2025-12-11T16:27:23.205782Z","292","/data/uncertain_images/glass1761_jpg.rf.925f5053215ef5ad8463f81491476ab2.jpg","3.0","2025-12-11T16:27:23.205782Z"
"293","1","glass","2025-12-11T16:27:23.205782Z","293","/data/uncertain_images/glass1764_jpg.rf.18e6dfdf11d36bf25872f594811caca5.jpg","3.5","2025-12-11T16:27:23.205782Z"
"294","1","glass","2025-12-11T16:27:23.205782Z","294","/data/uncertain_images/glass178_jpg.rf.2485a1744ee30440e031753c2d049320.jpg","4.0","2025-12-11T16:27:23.205782Z"
"295","1","glass","2025-12-11T16:27:23.205782Z","295","/data/uncertain_images/glass1800_jpg.rf.e925bca465d4f42a8da607d82c95b965.jpg","2.0","2025-12-11T16:27:23.205782Z"
"296","1","glass","2025-12-11T16:27:23.205782Z","296","/data/uncertain_images/glass1802_jpg.rf.5e7ad91db6f359b5de672629f3d4e772.jpg","2.5","2025-12-11T16:27:23.205782Z"
"297","1","glass","2025-12-11T16:27:23.205782Z","297","/data/uncertain_images/glass1803_jpg.rf.c90c86cfdf74165d991e9b48addafe33.jpg","3.0","2025-12-11T16:27:23.205782Z"
"298","1","glass","2025-12-11T16:27:23.205782Z","298","/data/uncertain_images/glass1843_jpg.rf.3328d46d77190ef4d712a1ed67000366.jpg","3.5","2025-12-11T16:27:23.205782Z"
"299","1","glass","2025-12-11T16:27:23.205782Z","299","/data/uncertain_images/glass1870_jpg.rf.671468bcc37dbec18f9b9a323f10fc96.jpg","4.0","2025-12-11T16:27:23.205782Z"
"300","1","glass","2025-12-11T16:27:23.205782Z","300","/data/uncertain_images/glass1872_jpg.rf.395b474fbeb38d275358bcb00897bc8c.jpg","2.0","2025-12-11T16:27:23.205782Z"
"301","1","glass","2025-12-11T16:27:23.205782Z","301","/data/uncertain_images/glass1898_jpg.rf.049276fd50a3459b977de47d5f076450.jpg","2.5","2025-12-11T16:27:23.205782Z"
"302","1","glass","2025-12-11T16:27:23.205782Z","302","/data/uncertain_images/glass1909_jpg.rf.c5dbe85eda6b0ff51f94562425f88b69.jpg","3.0","2025-12-11T16:27:23.205782Z"
"303","1","glass","2025-12-11T16:27:23.205782Z","303","/data/uncertain_images/glass194_jpg.rf.8fb239ae90bdf216797b9173909880de.jpg","3.5","2025-12-11T16:27:23.205782Z"
"304","1","glass","2025-12-11T16:27:23.205782Z","304","/data/uncertain_images/glass1952_jpg.rf.e3fc6d85a8b3c157ff7a78e90eee1473.jpg","4.0","2025-12-11T16:27:23.205782Z"
"305","1","glass","2025-12-11T16:27:23.205782Z","305","/data/uncertain_images/glass1961_jpg.rf.bb681e1f72d7ca9b4b81f2d04f62690c.jpg","2.0","2025-12-11T16:27:23.205782Z"
"306","1","glass","2025-12-11T16:27:23.205782Z","306","/data/uncertain_images/glass1968_jpg.rf.d5256826a3a512932d306d877bf6d426.jpg","2.5","2025-12-11T16:27:23.205782Z"
"307","1","glass","2025-12-11T16:27:23.205782Z","307","/data/uncertain_images/glass2101_jpg.rf.735b2286a56cd383c8b81cf1d7a79b7f.jpg","3.0","2025-12-11T16:27:23.205782Z"
"308","1","glass","2025-12-11T16:27:23.205782Z","308","/data/uncertain_images/glass2133_jpg.rf.0b6c83fda5b11ffe313cd262163db743.jpg","3.5","2025-12-11T16:27:23.205782Z"
"309","1","glass","2025-12-11T16:27:23.205782Z","309","/data/uncertain_images/glass2169_jpg.rf.bd7ace4e7b324eaa0311ee335ef0c99b.jpg","4.0","2025-12-11T16:27:23.205782Z"
"310","1","glass","2025-12-11T16:27:23.205782Z","310","/data/uncertain_images/glass2256_jpg.rf.acd3fc4b551526dacc32becbc041a79f.jpg","2.0","2025-12-11T16:27:23.205782Z"
"311","1","glass","2025-12-11T16:27:23.205782Z","311","/data/uncertain_images/glass2313_jpg.rf.92c746e35b515ae46180a4793893d0de.jpg","2.5","2025-12-11T16:27:23.205782Z"
"312","1","glass","2025-12-11T16:27:23.205782Z","312","/data/uncertain_images/glass232_jpg.rf.7587036283ac044603bbf2607fccc894.jpg","3.0","2025-12-11T16:27:23.205782Z"
"313","1","glass","2025-12-11T16:27:23.205782Z","313","/data/uncertain_images/glass2346_jpg.rf.371b19137f22fece4427cc34587c12e1.jpg","3.5","2025-12-11T16:27:23.205782Z"
"314","1","glass","2025-12-11T16:27:23.205782Z","314","/data/uncertain_images/glass2361_jpg.rf.99ea347e0dcc9607cdb49d5decd12c74.jpg","4.0","2025-12-11T16:27:23.205782Z"
"315","1","glass","2025-12-11T16:27:23.205782Z","315","/data/uncertain_images/glass2385_jpg.rf.691e1d08a487237a04b78192b2774434.jpg","2.0","2025-12-11T16:27:23.205782Z"
"316","1","glass","2025-12-11T16:27:23.205782Z","316","/data/uncertain_images/glass2391_jpg.rf.594eda4e0d478494e4fb111ad372ef94.jpg","2.5","2025-12-11T16:27:23.205782Z"
"317","1","glass","2025-12-11T16:27:23.205782Z","317","/data/uncertain_images/glass2393_jpg.rf.9572a0534fd997085e5e9bc4b85b113c.jpg","3.0","2025-12-11T16:27:23.205782Z"
"318","1","glass","2025-12-11T16:27:23.205782Z","318","/data/uncertain_images/glass2397_jpg.rf.c4496569b0f37da265a9ddc37d40fdee.jpg","3.5","2025-12-11T16:27:23.205782Z"
"319","1","glass","2025-12-11T16:27:23.205782Z","319","/data/uncertain_images/glass2405_jpg.rf.4e9182de71c16ed7cd20aad1ef0235f1.jpg","4.0","2025-12-11T16:27:23.205782Z"
"320","1","glass","2025-12-11T16:27:23.205782Z","320","/data/uncertain_images/glass2420_jpg.rf.37fac5da881f357782126fde3e94d45c.jpg","2.0","2025-12-11T16:27:23.205782Z"
"321","1","glass","2025-12-11T16:27:23.205782Z","321","/data/uncertain_images/glass243_jpg.rf.9b144a399ad1728c68e50991ed8dedb5.jpg","2.5","2025-12-11T16:27:23.205782Z"
"322","1","glass","2025-12-11T16:27:23.205782Z","322","/data/uncertain_images/glass2446_jpg.rf.6983942b58186504200c431e2c94d731.jpg","3.0","2025-12-11T16:27:23.205782Z"
"323","1","glass","2025-12-11T16:27:23.205782Z","323","/data/uncertain_images/glass2472_jpg.rf.cd87c93be98c4ecd1a66275d7c18ebf2.jpg","3.5","2025-12-11T16:27:23.205782Z"
"324","1","glass","2025-12-11T16:27:23.205782Z","324","/data/uncertain_images/glass2492_jpg.rf.4e98aa31e0c4be76bb1783e4920c1a49.jpg","4.0","2025-12-11T16:27:23.205782Z"
"325","1","glass","2025-12-11T16:27:23.205782Z","325","/data/uncertain_images/glass2501_jpg.rf.5e977da015694bef031c999179d427c3.jpg","2.0","2025-12-11T16:27:23.205782Z"
"326","1","glass","2025-12-11T16:27:23.205782Z","326","/data/uncertain_images/glass2516_jpg.rf.175a724e3e26669c6e13d91f17e816c2.jpg","2.5","2025-12-11T16:27:23.205782Z"
"327","1","glass","2025-12-11T16:27:23.205782Z","327","/data/uncertain_images/glass2519_jpg.rf.2a7c94543eaea186aa0b00adc72f34f8.jpg","3.0","2025-12-11T16:27:23.205782Z"
"328","1","glass","2025-12-11T16:27:23.205782Z","328","/data/uncertain_images/glass2525_jpg.rf.0a99d6ae697086e844bfb3915df222c6.jpg","3.5","2025-12-11T16:27:23.205782Z"
"329","1","glass","2025-12-11T16:27:23.205782Z","329","/data/uncertain_images/glass2539_jpg.rf.e4abae1b284a9fed7d13c3a98f65acf0.jpg","4.0","2025-12-11T16:27:23.205782Z"
"330","1","glass","2025-12-11T16:27:23.205782Z","330","/data/uncertain_images/glass2574_jpg.rf.17c6853049f5aeb4de3985126089e59f.jpg","2.0","2025-12-11T16:27:23.205782Z"
"331","1","glass","2025-12-11T16:27:23.205782Z","331","/data/uncertain_images/glass2588_jpg.rf.ce25052b486efdbddd38e0654ac344d5.jpg","2.5","2025-12-11T16:27:23.205782Z"
"332","1","glass","2025-12-11T16:27:23.205782Z","332","/data/uncertain_images/glass2723_jpg.rf.ea9ae07f90853b890a30cde5a6201188.jpg","3.0","2025-12-11T16:27:23.205782Z"
"333","1","glass","2025-12-11T16:27:23.205782Z","333","/data/uncertain_images/glass2748_jpg.rf.6f158c7855db4269f97358f398b43c53.jpg","3.5","2025-12-11T16:27:23.205782Z"
"334","1","glass","2025-12-11T16:27:23.205782Z","334","/data/uncertain_images/glass2759_jpg.rf.32122f6256e11e7acb222aa2efac92d7.jpg","4.0","2025-12-11T16:27:23.205782Z"
"335","1","glass","2025-12-11T16:27:23.205782Z","335","/data/uncertain_images/glass2794_jpg.rf.e084f650000ee3e9d9adc5b5c736ac37.jpg","2.0","2025-12-11T16:27:23.205782Z"
"336","1","glass","2025-12-11T16:27:23.205782Z","336","/data/uncertain_images/glass2817_jpg.rf.692f50a8c9f0d999b2f9ec0c5435ec58.jpg","2.5","2025-12-11T16:27:23.205782Z"
"337","1","glass","2025-12-11T16:27:23.205782Z","337","/data/uncertain_images/glass2837_jpg.rf.77ea326b14eaf886d2737ff82c0f554a.jpg","3.0","2025-12-11T16:27:23.205782Z"
"338","1","glass","2025-12-11T16:27:23.205782Z","338","/data/uncertain_images/glass2839_jpg.rf.e5b57bf72107b779629315c76df63060.jpg","3.5","2025-12-11T16:27:23.205782Z"
"339","1","glass","2025-12-11T16:27:23.205782Z","339","/data/uncertain_images/glass284_jpg.rf.f420570deacbc2a4950c3c8a2d5fd762.jpg","4.0","2025-12-11T16:27:23.205782Z"
"340","1","glass","2025-12-11T16:27:23.205782Z","340","/data/uncertain_images/glass2850_jpg.rf.d1e4272089f0a3618cfc7166814b6064.jpg","2.0","2025-12-11T16:27:23.205782Z"
"341","1","glass","2025-12-11T16:27:23.205782Z","341","/data/uncertain_images/glass2859_jpg.rf.058745a782df3ab759e3964d77b93c2e.jpg","2.5","2025-12-11T16:27:23.205782Z"
"342","1","glass","2025-12-11T16:27:23.205782Z","342","/data/uncertain_images/glass2865_jpg.rf.938d8293daa20c442c3fdc61396a0654.jpg","3.0","2025-12-11T16:27:23.205782Z"
"343","1","glass","2025-12-11T16:27:23.205782Z","343","/data/uncertain_images/glass2867_jpg.rf.f491d2cf924f9e0257c0ecd7ebb4aff2.jpg","3.5","2025-12-11T16:27:23.205782Z"
"344","1","glass","2025-12-11T16:27:23.205782Z","344","/data/uncertain_images/glass2900_jpg.rf.e6611005b516b8afd1050a824d01b85e.jpg","4.0","2025-12-11T16:27:23.205782Z"
"345","1","glass","2025-12-11T16:27:23.205782Z","345","/data/uncertain_images/glass2907_jpg.rf.640864b7e756d25e1c69421c374fbd1e.jpg","2.0","2025-12-11T16:27:23.205782Z"
"346","1","glass","2025-12-11T16:27:23.205782Z","346","/data/uncertain_images/glass2920_jpg.rf.b0ca565a80a51c7dcae0dcd2af6f7f7f.jpg","2.5","2025-12-11T16:27:23.205782Z"
"347","1","glass","2025-12-11T16:27:23.205782Z","347","/data/uncertain_images/glass2921_jpg.rf.429e2a722f82529ed9f6c224135065df.jpg","3.0","2025-12-11T16:27:23.205782Z"
"348","1","glass","2025-12-11T16:27:23.205782Z","348","/data/uncertain_images/glass2924_jpg.rf.d4b97e42aca26a1cba9aed0cd595b7b5.jpg","3.5","2025-12-11T16:27:23.205782Z"
"349","1","glass","2025-12-11T16:27:23.205782Z","349","/data/uncertain_images/glass2928_jpg.rf.25cbb8d06f8576b1ad3e9cfa7ea5d978.jpg","4.0","2025-12-11T16:27:23.205782Z"
"350","1","glass","2025-12-11T16:27:23.205782Z","350","/data/uncertain_images/glass2949_jpg.rf.1c9fd3b5a903c255a7033348f7bbc0b6.jpg","2.0","2025-12-11T16:27:23.205782Z"
"351","1","glass","2025-12-11T16:27:23.205782Z","351","/data/uncertain_images/glass2973_jpg.rf.b89fb4d7c9bf62b2a59e3edeb7a1388f.jpg","2.5","2025-12-11T16:27:23.205782Z"
"352","1","glass","2025-12-11T16:27:23.205782Z","352","/data/uncertain_images/glass3018_jpg.rf.9a3660194eaab2d21ae7841e5180fe5e.jpg","3.0","2025-12-11T16:27:23.205782Z"
"353","1","glass","2025-12-11T16:27:23.205782Z","353","/data/uncertain_images/glass3023_jpg.rf.6869c7d3b6ee7d7675a902bf1107b059.jpg","3.5","2025-12-11T16:27:23.205782Z"
"354","1","glass","2025-12-11T16:27:23.205782Z","354","/data/uncertain_images/glass3026_jpg.rf.09a244327bd7d9ae333b40023787a337.jpg","4.0","2025-12-11T16:27:23.205782Z"
"355","1","glass","2025-12-11T16:27:23.205782Z","355","/data/uncertain_images/glass3036_jpg.rf.bf4830ebdac4164198cdf5f317dbddcd.jpg","2.0","2025-12-11T16:27:23.205782Z"
"356","1","glass","2025-12-11T16:27:23.205782Z","356","/data/uncertain_images/glass3066_jpg.rf.f3b316cef693c28ade0e0c1e1394dab0.jpg","2.5","2025-12-11T16:27:23.205782Z"
"357","1","glass","2025-12-11T16:27:23.205782Z","357","/data/uncertain_images/glass3082_jpg.rf.1ed894af8ab11f5e9d645365960e89d3.jpg","3.0","2025-12-11T16:27:23.205782Z"
"358","1","glass","2025-12-11T16:27:23.205782Z","358","/data/uncertain_images/glass3086_jpg.rf.dc2b0b25463fe68f4c472026a84293fd.jpg","3.5","2025-12-11T16:27:23.205782Z"
"359","1","glass","2025-12-11T16:27:23.205782Z","359","/data/uncertain_images/glass3118_jpg.rf.d093c14e58c00e7cea138ee419341ff4.jpg","4.0","2025-12-11T16:27:23.205782Z"
"360","1","glass","2025-12-11T16:27:23.205782Z","360","/data/uncertain_images/glass3138_jpg.rf.218fdd5a8a59037a6106de3cb6de2d00.jpg","2.0","2025-12-11T16:27:23.205782Z"
"361","1","glass","2025-12-11T16:27:23.205782Z","361","/data/uncertain_images/glass31_jpg.rf.57df8fe3b63399076ae482d736ed828e.jpg","2.5","2025-12-11T16:27:23.205782Z"
"362","1","glass","2025-12-11T16:27:23.205782Z","362","/data/uncertain_images/glass320_jpg.rf.a68115837528b1af7e21a22031ca52fc.jpg","3.0","2025-12-11T16:27:23.205782Z"
"363","1","glass","2025-12-11T16:27:23.205782Z","363","/data/uncertain_images/glass326_jpg.rf.fdfd818131d90065e691d4e4907a4819.jpg","3.5","2025-12-11T16:27:23.205782Z"
"364","1","glass","2025-12-11T16:27:23.205782Z","364","/data/uncertain_images/glass339_jpg.rf.4961eb491057638ba99c4aaf89ca7c0d.jpg","4.0","2025-12-11T16:27:23.205782Z"
"365","1","glass","2025-12-11T16:27:23.205782Z","365","/data/uncertain_images/glass350_jpg.rf.6aa7c898a815af7d255ab28004eec27d.jpg","2.0","2025-12-11T16:27:23.205782Z"
"366","1","glass","2025-12-11T16:27:23.205782Z","366","/data/uncertain_images/glass362_jpg.rf.0e1efec95dfdbd46420056239015c856.jpg","2.5","2025-12-11T16:27:23.205782Z"
"367","1","glass","2025-12-11T16:27:23.205782Z","367","/data/uncertain_images/glass366_jpg.rf.59d17830306f1db1b7062af3aa76bca8.jpg","3.0","2025-12-11T16:27:23.205782Z"
"368","1","glass","2025-12-11T16:27:23.205782Z","368","/data/uncertain_images/glass375_jpg.rf.9ed3d9652d359b250b38ad986b8e64a2.jpg","3.5","2025-12-11T16:27:23.205782Z"
"369","1","glass","2025-12-11T16:27:23.205782Z","369","/data/uncertain_images/glass399_jpg.rf.e0efbe5c144c471ceb08178df060d10a.jpg","4.0","2025-12-11T16:27:23.205782Z"
"370","1","glass","2025-12-11T16:27:23.205782Z","370","/data/uncertain_images/glass42_jpg.rf.305af4a3a6c381cd88bce37925695bd1.jpg","2.0","2025-12-11T16:27:23.205782Z"
"371","1","glass","2025-12-11T16:27:23.205782Z","371","/data/uncertain_images/glass432_jpg.rf.881bcb73d854b2aece5c7dfde6af542c.jpg","2.5","2025-12-11T16:27:23.205782Z"
"372","1","glass","2025-12-11T16:27:23.205782Z","372","/data/uncertain_images/glass479_jpg.rf.6d15c027036e92cfb899fa4baac97304.jpg","3.0","2025-12-11T16:27:23.205782Z"
"373","1","glass","2025-12-11T16:27:23.205782Z","373","/data/uncertain_images/glass490_jpg.rf.22e3c9913ba282f19bba92edb588b17e.jpg","3.5","2025-12-11T16:27:23.205782Z"
"374","1","glass","2025-12-11T16:27:23.205782Z","374","/data/uncertain_images/glass49_jpg.rf.c079de154e7710bf1f3befe36d3745df.jpg","4.0","2025-12-11T16:27:23.205782Z"
"375","1","glass","2025-12-11T16:27:23.205782Z","375","/data/uncertain_images/glass515_jpg.rf.6be0ab7f7a024e22c909d2eaf7f84de3.jpg","2.0","2025-12-11T16:27:23.205782Z"
"376","1","glass","2025-12-11T16:27:23.205782Z","376","/data/uncertain_images/glass529_jpg.rf.6db652a5c4ce55e58d52e155c7f05f70.jpg","2.5","2025-12-11T16:27:23.205782Z"
"377","1","glass","2025-12-11T16:27:23.205782Z","377","/data/uncertain_images/glass534_jpg.rf.cca2397297cede852747513487aaf72d.jpg","3.0","2025-12-11T16:27:23.205782Z"
"378","1","glass","2025-12-11T16:27:23.205782Z","378","/data/uncertain_images/glass554_jpg.rf.9c298aa57f011b569f8d1237a7335f9b.jpg","3.5","2025-12-11T16:27:23.205782Z"
"379","1","glass","2025-12-11T16:27:23.205782Z","379","/data/uncertain_images/glass555_jpg.rf.152e4ba6bc7e16b59c5ff062cde0e3ce.jpg","4.0","2025-12-11T16:27:23.205782Z"
"380","1","glass","2025-12-11T16:27:23.205782Z","380","/data/uncertain_images/glass566_jpg.rf.3943f01d919a3789dcb73bf0488d44bb.jpg","2.0","2025-12-11T16:27:23.205782Z"
"381","1","glass","2025-12-11T16:27:23.205782Z","381","/data/uncertain_images/glass599_jpg.rf.aa11563cf98e73d52e53c6e71daa9508.jpg","2.5","2025-12-11T16:27:23.205782Z"
"382","1","glass","2025-12-11T16:27:23.205782Z","382","/data/uncertain_images/glass614_jpg.rf.1551bfe322fe241de597f9c3444a0d4b.jpg","3.0","2025-12-11T16:27:23.205782Z"
"383","1","glass","2025-12-11T16:27:23.205782Z","383","/data/uncertain_images/glass663_jpg.rf.6bf0243b718dca22e9f8f7cc057de140.jpg","3.5","2025-12-11T16:27:23.205782Z"
"384","1","glass","2025-12-11T16:27:23.205782Z","384","/data/uncertain_images/glass665_jpg.rf.f9de8db33267f5f61d8dd3447c85be50.jpg","4.0","2025-12-11T16:27:23.205782Z"
"385","1","glass","2025-12-11T16:27:23.205782Z","385","/data/uncertain_images/glass686_jpg.rf.532ebd0148edc812c5d4bf626a1fd48b.jpg","2.0","2025-12-11T16:27:23.205782Z"
"386","1","glass","2025-12-11T16:27:23.205782Z","386","/data/uncertain_images/glass700_jpg.rf.3cd54cac56adac499c22a45c134a71bc.jpg","2.5","2025-12-11T16:27:23.205782Z"
"387","1","glass","2025-12-11T16:27:23.205782Z","387","/data/uncertain_images/glass743_jpg.rf.5159039225bfd225949ecdefce60b3b4.jpg","3.0","2025-12-11T16:27:23.205782Z"
"388","1","glass","2025-12-11T16:27:23.205782Z","388","/data/uncertain_images/glass748_jpg.rf.9a9c97a3fca7cfb00ee69c06b5d77b31.jpg","3.5","2025-12-11T16:27:23.205782Z"
"389","1","glass","2025-12-11T16:27:23.205782Z","389","/data/uncertain_images/glass759_jpg.rf.0c398bcd269f23939f916a617399af31.jpg","4.0","2025-12-11T16:27:23.205782Z"
"390","1","glass","2025-12-11T16:27:23.205782Z","390","/data/uncertain_images/glass765_jpg.rf.864d26567f5e63f56e9c8450427580ce.jpg","2.0","2025-12-11T16:27:23.205782Z"
"391","1","glass","2025-12-11T16:27:23.205782Z","391","/data/uncertain_images/glass769_jpg.rf.e300ab4ecce379113058f1bc5c054a0b.jpg","2.5","2025-12-11T16:27:23.205782Z"
"392","1","glass","2025-12-11T16:27:23.205782Z","392","/data/uncertain_images/glass777_jpg.rf.82b7295eb2e8b8babaf66385faf552f7.jpg","3.0","2025-12-11T16:27:23.205782Z"
"393","1","glass","2025-12-11T16:27:23.205782Z","393","/data/uncertain_images/glass782_jpg.rf.bc80d3f2acb34d22262cff9510320bd8.jpg","3.5","2025-12-11T16:27:23.205782Z"
"394","1","glass","2025-12-11T16:27:23.205782Z","394","/data/uncertain_images/glass796_jpg.rf.781b704b06ad34c97f24f0085638807c.jpg","4.0","2025-12-11T16:27:23.205782Z"
"395","1","glass","2025-12-11T16:27:23.205782Z","395","/data/uncertain_images/glass7_jpg.rf.65d79cca5416b20f60ccf75f8f9f406e.jpg","2.0","2025-12-11T16:27:23.205782Z"
"396","1","glass","2025-12-11T16:27:23.205782Z","396","/data/uncertain_images/glass815_jpg.rf.962c2fc90d863cdf182f54581dd4e05d.jpg","2.5","2025-12-11T16:27:23.205782Z"
"397","1","glass","2025-12-11T16:27:23.205782Z","397","/data/uncertain_images/glass867_jpg.rf.56b5330637db326c0ecfccbc5e5d590b.jpg","3.0","2025-12-11T16:27:23.205782Z"
"398","1","glass","2025-12-11T16:27:23.205782Z","398","/data/uncertain_images/glass869_jpg.rf.85ac714c1ebe1ea1442aac225f9b826b.jpg","3.5","2025-12-11T16:27:23.205782Z"
"399","1","glass","2025-12-11T16:27:23.205782Z","399","/data/uncertain_images/glass906_jpg.rf.ea8f8f3037c39367339f0960da020d68.jpg","4.0","2025-12-11T16:27:23.205782Z"
"400","1","glass","2025-12-11T16:27:23.205782Z","400","/data/uncertain_images/glass945_jpg.rf.78143325f343648570f474cc7e9f0765.jpg","2.0","2025-12-11T16:27:23.205782Z"
"401","1","glass","2025-12-11T16:27:23.205782Z","401","/data/uncertain_images/glass962_jpg.rf.4632ce00477390eab2c900a660c2afac.jpg","2.5","2025-12-11T16:27:23.205782Z"
"402","1","glass","2025-12-11T16:27:23.205782Z","402","/data/uncertain_images/glass97_jpg.rf.3abaf6e076cd5677c81ca0edcae79c42.jpg","3.0","2025-12-11T16:27:23.205782Z"
"403","1","metal","2025-12-11T16:27:23.205782Z","403","/data/uncertain_images/metal1018_jpg.rf.7cdee226456c88091a84520143e227a2.jpg","3.5","2025-12-11T16:27:23.205782Z"
"404","1","metal","2025-12-11T16:27:23.205782Z","404","/data/uncertain_images/metal1023_jpg.rf.a2a82453d6903d3902ebb7baf4a4f4b1.jpg","4.0","2025-12-11T16:27:23.205782Z"
"405","1","metal","2025-12-11T16:27:23.205782Z","405","/data/uncertain_images/metal1025_jpeg.rf.eae32e50db53dbd29d483fb92c443dbf.jpg","2.0","2025-12-11T16:27:23.205782Z"
"406","1","metal","2025-12-11T16:27:23.205782Z","406","/data/uncertain_images/metal1031_jpg.rf.204f0e0cd77565191f45e061f28e14c1.jpg","2.5","2025-12-11T16:27:23.205782Z"
"407","1","metal","2025-12-11T16:27:23.205782Z","407","/data/uncertain_images/metal1041_jpg.rf.c35c44694d7c4cb4e01206accd2a5546.jpg","3.0","2025-12-11T16:27:23.205782Z"
"408","1","metal","2025-12-11T16:27:23.205782Z","408","/data/uncertain_images/metal1048_jpeg.rf.396d1745d087b45340929a0e74c5ab12.jpg","3.5","2025-12-11T16:27:23.205782Z"
"409","1","metal","2025-12-11T16:27:23.205782Z","409","/data/uncertain_images/metal1058_jpg.rf.39dd499b0f4cf5ad4cc9c64e5e89b41f.jpg","4.0","2025-12-11T16:27:23.205782Z"
"410","1","metal","2025-12-11T16:27:23.205782Z","410","/data/uncertain_images/metal1060_jpg.rf.de68b68b9cc3f9308c5fdc35cd93afad.jpg","2.0","2025-12-11T16:27:23.205782Z"
"411","1","metal","2025-12-11T16:27:23.205782Z","411","/data/uncertain_images/metal1080_jpg.rf.ecf74ff6fe0b3371ab4e7697101bb93d.jpg","2.5","2025-12-11T16:27:23.205782Z"
"412","1","metal","2025-12-11T16:27:23.205782Z","412","/data/uncertain_images/metal1105_jpg.rf.5ad63c467e651f211255676b687f6e25.jpg","3.0","2025-12-11T16:27:23.205782Z"
"413","1","metal","2025-12-11T16:27:23.205782Z","413","/data/uncertain_images/metal1106_jpg.rf.90bc6edd3a22489bc49bc258c40c079e.jpg","3.5","2025-12-11T16:27:23.205782Z"
"414","1","metal","2025-12-11T16:27:23.205782Z","414","/data/uncertain_images/metal1108_jpg.rf.7675cbd84f858299abbd70c04795dc19.jpg","4.0","2025-12-11T16:27:23.205782Z"
"415","1","metal","2025-12-11T16:27:23.205782Z","415","/data/uncertain_images/metal1126_jpg.rf.c13fb9f52d1f8e79e37c0d02380eafe4.jpg","2.0","2025-12-11T16:27:23.205782Z"
"416","1","metal","2025-12-11T16:27:23.205782Z","416","/data/uncertain_images/metal1140_jpg.rf.77ec4594ac53bad1938297f06ff5058e.jpg","2.5","2025-12-11T16:27:23.205782Z"
"417","1","metal","2025-12-11T16:27:23.205782Z","417","/data/uncertain_images/metal1143_jpg.rf.4891e98998be7e341b91d8fb6322a25d.jpg","3.0","2025-12-11T16:27:23.205782Z"
"418","1","metal","2025-12-11T16:27:23.205782Z","418","/data/uncertain_images/metal1146_jpg.rf.157f4053bf65cfd468ebc33d69687e11.jpg","3.5","2025-12-11T16:27:23.205782Z"
"419","1","metal","2025-12-11T16:27:23.205782Z","419","/data/uncertain_images/metal1151_jpg.rf.02bdea506ccd255a8a3fc088e1d1bb63.jpg","4.0","2025-12-11T16:27:23.205782Z"
"420","1","metal","2025-12-11T16:27:23.205782Z","420","/data/uncertain_images/metal1159_jpeg.rf.7894282a3aeea809bf93935c06b13de3.jpg","2.0","2025-12-11T16:27:23.205782Z"
"421","1","metal","2025-12-11T16:27:23.205782Z","421","/data/uncertain_images/metal1162_jpg.rf.bf3fdd923445ebfecbe362e7f858e809.jpg","2.5","2025-12-11T16:27:23.205782Z"
"422","1","metal","2025-12-11T16:27:23.205782Z","422","/data/uncertain_images/metal1167_jpg.rf.6522a6ea8cb04d6992e5e974dc2b1e08.jpg","3.0","2025-12-11T16:27:23.205782Z"
"423","1","metal","2025-12-11T16:27:23.205782Z","423","/data/uncertain_images/metal116_jpg.rf.03a9bac2372b3a89c7570f48b70ad762.jpg","3.5","2025-12-11T16:27:23.205782Z"
"424","1","metal","2025-12-11T16:27:23.205782Z","424","/data/uncertain_images/metal1175_jpg.rf.579eba0ffff46dae53212f9aad706a0e.jpg","4.0","2025-12-11T16:27:23.205782Z"
"425","1","metal","2025-12-11T16:27:23.205782Z","425","/data/uncertain_images/metal1180_jpg.rf.914635ddae52cf7f9ff36c3831670a9d.jpg","2.0","2025-12-11T16:27:23.205782Z"
"426","1","metal","2025-12-11T16:27:23.205782Z","426","/data/uncertain_images/metal119_jpg.rf.42a3bd1f4c5dbbfa4e384d1c552908c6.jpg","2.5","2025-12-11T16:27:23.205782Z"
"427","1","metal","2025-12-11T16:27:23.205782Z","427","/data/uncertain_images/metal1215_jpg.rf.81a8572652dc6bee1725eefd7b4b6725.jpg","3.0","2025-12-11T16:27:23.205782Z"
"428","1","metal","2025-12-11T16:27:23.205782Z","428","/data/uncertain_images/metal121_jpg.rf.eb12be2f203de9230b5874ec58cd9c21.jpg","3.5","2025-12-11T16:27:23.205782Z"
"429","1","metal","2025-12-11T16:27:23.205782Z","429","/data/uncertain_images/metal1222_jpg.rf.7ff5e7476aaabdb85f0260ff5ae96bac.jpg","4.0","2025-12-11T16:27:23.205782Z"
"430","1","metal","2025-12-11T16:27:23.205782Z","430","/data/uncertain_images/metal1225_jpg.rf.83d0733585b14b58cdbaf221a24852cf.jpg","2.0","2025-12-11T16:27:23.205782Z"
"431","1","metal","2025-12-11T16:27:23.205782Z","431","/data/uncertain_images/metal1229_jpg.rf.c5543ea80a5d982d96cbe283f6387921.jpg","2.5","2025-12-11T16:27:23.205782Z"
"432","1","metal","2025-12-11T16:27:23.205782Z","432","/data/uncertain_images/metal1234_jpg.rf.86758d7c975ce86f22f1ffa38eba50df.jpg","3.0","2025-12-11T16:27:23.205782Z"
"433","1","metal","2025-12-11T16:27:23.205782Z","433","/data/uncertain_images/metal123_jpg.rf.b81e09fef48a87a8f8817b099f4f9f10.jpg","3.5","2025-12-11T16:27:23.205782Z"
"434","1","metal","2025-12-11T16:27:23.205782Z","434","/data/uncertain_images/metal1252_jpg.rf.b8d9fc31e215ade3431c3a9e9188fa3f.jpg","4.0","2025-12-11T16:27:23.205782Z"
"435","1","metal","2025-12-11T16:27:23.205782Z","435","/data/uncertain_images/metal1255_jpg.rf.0c671c0431480f25b03b2c326d587622.jpg","2.0","2025-12-11T16:27:23.205782Z"
"436","1","metal","2025-12-11T16:27:23.205782Z","436","/data/uncertain_images/metal127_jpg.rf.27ad0324fb1d246af25651edd01205d7.jpg","2.5","2025-12-11T16:27:23.205782Z"
"437","1","metal","2025-12-11T16:27:23.205782Z","437","/data/uncertain_images/metal140_jpg.rf.9ff4a35bbbfd335c16ffe53fc39036d0.jpg","3.0","2025-12-11T16:27:23.205782Z"
"438","1","metal","2025-12-11T16:27:23.205782Z","438","/data/uncertain_images/metal160_jpg.rf.6b8bac7995d65ad463a7c717ab848c1e.jpg","3.5","2025-12-11T16:27:23.205782Z"
"439","1","metal","2025-12-11T16:27:23.205782Z","439","/data/uncertain_images/metal171_jpg.rf.6a98b11f6a1e46f2b7440029f7aaff75.jpg","4.0","2025-12-11T16:27:23.205782Z"
"440","1","metal","2025-12-11T16:27:23.205782Z","440","/data/uncertain_images/metal187_jpg.rf.6ac8621c22f3c038a9f14c745b21627c.jpg","2.0","2025-12-11T16:27:23.205782Z"
"441","1","metal","2025-12-11T16:27:23.205782Z","441","/data/uncertain_images/metal192_jpg.rf.39b666c278319e96915da0f23c026d65.jpg","2.5","2025-12-11T16:27:23.205782Z"
"442","1","metal","2025-12-11T16:27:23.205782Z","442","/data/uncertain_images/metal198_jpg.rf.0e02273aed419818254e43e8cd715eca.jpg","3.0","2025-12-11T16:27:23.205782Z"
"443","1","metal","2025-12-11T16:27:23.205782Z","443","/data/uncertain_images/metal207_jpg.rf.85ae5c4153c09d0bbe7ef06d4d40d021.jpg","3.5","2025-12-11T16:27:23.205782Z"
"444","1","metal","2025-12-11T16:27:23.205782Z","444","/data/uncertain_images/metal225_jpg.rf.110a4a3c865d327ca6185b42101877fe.jpg","4.0","2025-12-11T16:27:23.205782Z"
"445","1","metal","2025-12-11T16:27:23.205782Z","445","/data/uncertain_images/metal235_jpg.rf.7c24f5139179f93a6f811342ed7872e7.jpg","2.0","2025-12-11T16:27:23.205782Z"
"446","1","metal","2025-12-11T16:27:23.205782Z","446","/data/uncertain_images/metal23_jpg.rf.a8982b96a82e98e056050639b93a550f.jpg","2.5","2025-12-11T16:27:23.205782Z"
"447","1","metal","2025-12-11T16:27:23.205782Z","447","/data/uncertain_images/metal244_jpg.rf.ce41f6f70b71cea49a391335397150a4.jpg","3.0","2025-12-11T16:27:23.205782Z"
"448","1","metal","2025-12-11T16:27:23.205782Z","448","/data/uncertain_images/metal284_jpg.rf.dba1210fb5d647418a6ca228be444626.jpg","3.5","2025-12-11T16:27:23.205782Z"
"449","1","metal","2025-12-11T16:27:23.205782Z","449","/data/uncertain_images/metal293_jpeg.rf.e20e75fa36cabdce1c96ecfdd6420913.jpg","4.0","2025-12-11T16:27:23.205782Z"
"450","1","metal","2025-12-11T16:27:23.205782Z","450","/data/uncertain_images/metal354_jpg.rf.09e631404a68818bd804229b2ef5178e.jpg","2.0","2025-12-11T16:27:23.205782Z"
"451","1","metal","2025-12-11T16:27:23.205782Z","451","/data/uncertain_images/metal364_jpg.rf.bb317408ec90896ca92aa26ea4f00c02.jpg","2.5","2025-12-11T16:27:23.205782Z"
"452","1","metal","2025-12-11T16:27:23.205782Z","452","/data/uncertain_images/metal368_jpg.rf.a7c48eeae98a69df3ee04a6ebe5f4b68.jpg","3.0","2025-12-11T16:27:23.205782Z"
"453","1","metal","2025-12-11T16:27:23.205782Z","453","/data/uncertain_images/metal385_jpg.rf.ae4071c653ece4a06bd100560c939c26.jpg","3.5","2025-12-11T16:27:23.205782Z"
"454","1","metal","2025-12-11T16:27:23.205782Z","454","/data/uncertain_images/metal418_jpg.rf.3c55cdadc64ed31d2186b680393bb44c.jpg","4.0","2025-12-11T16:27:23.205782Z"
"455","1","metal","2025-12-11T16:27:23.205782Z","455","/data/uncertain_images/metal422_jpg.rf.013a9aa677d3731a39807a9226e1f43a.jpg","2.0","2025-12-11T16:27:23.205782Z"
"456","1","metal","2025-12-11T16:27:23.205782Z","456","/data/uncertain_images/metal457_jpg.rf.3884b5bd08f8ab8ca624023136307217.jpg","2.5","2025-12-11T16:27:23.205782Z"
"457","1","metal","2025-12-11T16:27:23.205782Z","457","/data/uncertain_images/metal460_jpg.rf.8a923557615cf264bdf65e43af65e7b8.jpg","3.0","2025-12-11T16:27:23.205782Z"
"458","1","metal","2025-12-11T16:27:23.205782Z","458","/data/uncertain_images/metal47_jpg.rf.0919f56c5f1c8fd037c5b1b68d8e0150.jpg","3.5","2025-12-11T16:27:23.205782Z"
"459","1","metal","2025-12-11T16:27:23.205782Z","459","/data/uncertain_images/metal515_jpeg.rf.10f4cf4f1a84ef3b7890c7990f2816aa.jpg","4.0","2025-12-11T16:27:23.205782Z"
"460","1","metal","2025-12-11T16:27:23.205782Z","460","/data/uncertain_images/metal526_jpeg.rf.5c1a27897e1d1c25855626c710c124f7.jpg","2.0","2025-12-11T16:27:23.205782Z"
"461","1","metal","2025-12-11T16:27:23.205782Z","461","/data/uncertain_images/metal527_jpg.rf.611e619c614575cd9a3738b1357001ca.jpg","2.5","2025-12-11T16:27:23.205782Z"
"462","1","metal","2025-12-11T16:27:23.205782Z","462","/data/uncertain_images/metal531_jpg.rf.391ebfdcd383b4134bddaffce2716304.jpg","3.0","2025-12-11T16:27:23.205782Z"
"463","1","metal","2025-12-11T16:27:23.205782Z","463","/data/uncertain_images/metal581_jpeg.rf.9e750c85b99f8c1d26b9fcbca51522d5.jpg","3.5","2025-12-11T16:27:23.205782Z"
"464","1","metal","2025-12-11T16:27:23.205782Z","464","/data/uncertain_images/metal596_jpg.rf.8a5addb245dcf204024de81607f70ffa.jpg","4.0","2025-12-11T16:27:23.205782Z"
"465","1","metal","2025-12-11T16:27:23.205782Z","465","/data/uncertain_images/metal599_jpg.rf.8af7d5f72e35ae8d06cc777c385692d8.jpg","2.0","2025-12-11T16:27:23.205782Z"
"466","1","metal","2025-12-11T16:27:23.205782Z","466","/data/uncertain_images/metal616_jpg.rf.5f99e72462bbc13986ee83c21b75375a.jpg","2.5","2025-12-11T16:27:23.205782Z"
"467","1","metal","2025-12-11T16:27:23.205782Z","467","/data/uncertain_images/metal629_jpg.rf.8c7533c9379eba80d46fcf54986ffa0c.jpg","3.0","2025-12-11T16:27:23.205782Z"
"468","1","metal","2025-12-11T16:27:23.205782Z","468","/data/uncertain_images/metal639_jpg.rf.5c214a582eb9cff0bf33900dea831b89.jpg","3.5","2025-12-11T16:27:23.205782Z"
"469","1","metal","2025-12-11T16:27:23.205782Z","469","/data/uncertain_images/metal651_jpg.rf.b7c9de40381679ca612144d4f3e94580.jpg","4.0","2025-12-11T16:27:23.205782Z"
"470","1","metal","2025-12-11T16:27:23.205782Z","470","/data/uncertain_images/metal663_jpg.rf.a2707c8f35acba78f8d3f96272010be3.jpg","2.0","2025-12-11T16:27:23.205782Z"
"471","1","metal","2025-12-11T16:27:23.205782Z","471","/data/uncertain_images/metal680_jpg.rf.46469865477198ecfaa38f1c1e523cba.jpg","2.5","2025-12-11T16:27:23.205782Z"
"472","1","metal","2025-12-11T16:27:23.205782Z","472","/data/uncertain_images/metal730_jpg.rf.3d2df5480adcd42fdf18239bdd15b1c3.jpg","3.0","2025-12-11T16:27:23.205782Z"
"473","1","metal","2025-12-11T16:27:23.205782Z","473","/data/uncertain_images/metal734_jpg.rf.92b13af8a53d1e66df6c098713b64342.jpg","3.5","2025-12-11T16:27:23.205782Z"
"474","1","metal","2025-12-11T16:27:23.205782Z","474","/data/uncertain_images/metal744_jpg.rf.d9d5f05630e8ebf1614f6fba253a97e6.jpg","4.0","2025-12-11T16:27:23.205782Z"
"475","1","metal","2025-12-11T16:27:23.205782Z","475","/data/uncertain_images/metal745_jpg.rf.561e76c54c8687f18c8f22b8e9423ecd.jpg","2.0","2025-12-11T16:27:23.205782Z"
"476","1","metal","2025-12-11T16:27:23.205782Z","476","/data/uncertain_images/metal752_jpg.rf.27082b1cde79cb2231c1bded7b8e082d.jpg","2.5","2025-12-11T16:27:23.205782Z"
"477","1","metal","2025-12-11T16:27:23.205782Z","477","/data/uncertain_images/metal753_jpg.rf.fce115a530d454224bf79609704b5a2c.jpg","3.0","2025-12-11T16:27:23.205782Z"
"478","1","metal","2025-12-11T16:27:23.205782Z","478","/data/uncertain_images/metal76_jpg.rf.0956d8f7d0618d8986570f095875fdf2.jpg","3.5","2025-12-11T16:27:23.205782Z"
"479","1","metal","2025-12-11T16:27:23.205782Z","479","/data/uncertain_images/metal788_jpg.rf.345f4b02e13833a135031d2ec566f939.jpg","4.0","2025-12-11T16:27:23.205782Z"
"480","1","metal","2025-12-11T16:27:23.205782Z","480","/data/uncertain_images/metal793_jpg.rf.4dcc1cfee0e896d246902d9f176e8b77.jpg","2.0","2025-12-11T16:27:23.205782Z"
"481","1","metal","2025-12-11T16:27:23.205782Z","481","/data/uncertain_images/metal794_jpg.rf.5c5fac3aeee3c9bdd8fca58e45f843d3.jpg","2.5","2025-12-11T16:27:23.205782Z"
"482","1","metal","2025-12-11T16:27:23.205782Z","482","/data/uncertain_images/metal79_jpg.rf.be74b664e5cc7b3df0f9979a5ec30d6b.jpg","3.0","2025-12-11T16:27:23.205782Z"
"483","1","metal","2025-12-11T16:27:23.205782Z","483","/data/uncertain_images/metal824_jpg.rf.d9a149f2634c2322a4dbc9a2d8df45ce.jpg","3.5","2025-12-11T16:27:23.205782Z"
"484","1","metal","2025-12-11T16:27:23.205782Z","484","/data/uncertain_images/metal838_jpg.rf.21a5f8cf74f59d047d604f398d39fca6.jpg","4.0","2025-12-11T16:27:23.205782Z"
"485","1","metal","2025-12-11T16:27:23.205782Z","485","/data/uncertain_images/metal83_jpg.rf.7f8a84ac6154ddc761e8b2cfb6c25271.jpg","2.0","2025-12-11T16:27:23.205782Z"
"486","1","metal","2025-12-11T16:27:23.205782Z","486","/data/uncertain_images/metal856_jpg.rf.8e64dfcbcbf91f2a658548730aa88fd1.jpg","2.5","2025-12-11T16:27:23.205782Z"
"487","1","metal","2025-12-11T16:27:23.205782Z","487","/data/uncertain_images/metal87_jpg.rf.fb67a9cfd156d71910753c95ee20ea0e.jpg","3.0","2025-12-11T16:27:23.205782Z"
"488","1","metal","2025-12-11T16:27:23.205782Z","488","/data/uncertain_images/metal900_jpg.rf.9557eb5611cefe98e1655b29c8ffde4a.jpg","3.5","2025-12-11T16:27:23.205782Z"
"489","1","metal","2025-12-11T16:27:23.205782Z","489","/data/uncertain_images/metal901_jpg.rf.a1723c2230df19335228e8c93e4c1db2.jpg","4.0","2025-12-11T16:27:23.205782Z"
"490","1","metal","2025-12-11T16:27:23.205782Z","490","/data/uncertain_images/metal981_jpeg.rf.0d11804ffd634811e40f7991e1d76705.jpg","2.0","2025-12-11T16:27:23.205782Z"
"491","1","metal","2025-12-11T16:27:23.205782Z","491","/data/uncertain_images/metal996_jpg.rf.d653a0fe4eeadbd9e53b4d04d2a169ab.jpg","2.5","2025-12-11T16:27:23.205782Z"
"492","1","metal","2025-12-11T16:27:23.205782Z","492","/data/uncertain_images/metal99_jpg.rf.a6983811f65bc35f62992ee844ab9369.jpg","3.0","2025-12-11T16:27:23.205782Z"
"493","1","paper","2025-12-11T16:27:23.205782Z","493","/data/uncertain_images/paper1004_jpg.rf.6c7eec3d7c187c9c07f2b74f27cc2dd5.jpg","3.5","2025-12-11T16:27:23.205782Z"
"494","1","paper","2025-12-11T16:27:23.205782Z","494","/data/uncertain_images/paper1013_jpg.rf.3765fe0e38e92c71a6004d333119e0eb.jpg","4.0","2025-12-11T16:27:23.205782Z"
"495","1","paper","2025-12-11T16:27:23.205782Z","495","/data/uncertain_images/paper1034_jpg.rf.33907ba18bec0019613fa2f57ada036a.jpg","2.0","2025-12-11T16:27:23.205782Z"
"496","1","paper","2025-12-11T16:27:23.205782Z","496","/data/uncertain_images/paper1040_jpg.rf.1cbfec8f4935b36074a117ce868c3319.jpg","2.5","2025-12-11T16:27:23.205782Z"
"497","1","paper","2025-12-11T16:27:23.205782Z","497","/data/uncertain_images/paper1059_jpg.rf.7261033e88738d3657ab8012507e5450.jpg","3.0","2025-12-11T16:27:23.205782Z"
"498","1","paper","2025-12-11T16:27:23.205782Z","498","/data/uncertain_images/paper107_jpg.rf.05ead6e0efbf86c55dd2ed086dbe78ee.jpg","3.5","2025-12-11T16:27:23.205782Z"
"499","1","paper","2025-12-11T16:27:23.205782Z","499","/data/uncertain_images/paper1088_jpg.rf.52afba648450fde4233e9b1133cbc7a2.jpg","4.0","2025-12-11T16:27:23.205782Z"
"500","1","paper","2025-12-11T16:27:23.205782Z","500","/data/uncertain_images/paper1098_jpg.rf.23f07335599b08ac25917537ad9c8e71.jpg","2.0","2025-12-11T16:27:23.205782Z"
"501","1","paper","2025-12-11T16:27:23.205782Z","501","/data/uncertain_images/paper1114_jpg.rf.e5589bbdc467f2b6a0995353f9eb8e46.jpg","2.5","2025-12-11T16:27:23.205782Z"
"502","1","paper","2025-12-11T16:27:23.205782Z","502","/data/uncertain_images/paper1174_jpg.rf.482d3389b117a5af7a4f1a9696701419.jpg","3.0","2025-12-11T16:27:23.205782Z"
"503","1","paper","2025-12-11T16:27:23.205782Z","503","/data/uncertain_images/paper1185_jpg.rf.74100e383b3123a37858a0233667b6d9.jpg","3.5","2025-12-11T16:27:23.205782Z"
"504","1","paper","2025-12-11T16:27:23.205782Z","504","/data/uncertain_images/paper1198_jpg.rf.0915f3dff6df4a52ef2760b060ece3ef.jpg","4.0","2025-12-11T16:27:23.205782Z"
"505","1","paper","2025-12-11T16:27:23.205782Z","505","/data/uncertain_images/paper119_jpg.rf.6bce364205e5f2601cb67d6553f2af46.jpg","2.0","2025-12-11T16:27:23.205782Z"
"506","1","paper","2025-12-11T16:27:23.205782Z","506","/data/uncertain_images/paper1202_jpg.rf.7363c8ffbbcaa24401f9029c4261bf34.jpg","2.5","2025-12-11T16:27:23.205782Z"
"507","1","paper","2025-12-11T16:27:23.205782Z","507","/data/uncertain_images/paper1203_jpg.rf.8a0cdb4b081774ddf7b83ade1d49570d.jpg","3.0","2025-12-11T16:27:23.205782Z"
"508","1","paper","2025-12-11T16:27:23.205782Z","508","/data/uncertain_images/paper1231_jpg.rf.6daf9bd0468cabe2d039ab0e72146676.jpg","3.5","2025-12-11T16:27:23.205782Z"
"509","1","paper","2025-12-11T16:27:23.205782Z","509","/data/uncertain_images/paper1261_jpg.rf.941ee7067318d814cb2c85ab64574b40.jpg","4.0","2025-12-11T16:27:23.205782Z"
"510","1","paper","2025-12-11T16:27:23.205782Z","510","/data/uncertain_images/paper1277_jpg.rf.b3de26f5c114b6c5605bf0e1e374f6eb.jpg","2.0","2025-12-11T16:27:23.205782Z"
"511","1","paper","2025-12-11T16:27:23.205782Z","511","/data/uncertain_images/paper1278_jpg.rf.1c909023027b2f7a642cc437adb63b67.jpg","2.5","2025-12-11T16:27:23.205782Z"
"512","1","paper","2025-12-11T16:27:23.205782Z","512","/data/uncertain_images/paper1282_jpg.rf.c20219d7dc932c3588c5b3439833dfe3.jpg","3.0","2025-12-11T16:27:23.205782Z"
"513","1","paper","2025-12-11T16:27:23.205782Z","513","/data/uncertain_images/paper1291_jpg.rf.9d00764b3ab36c7d2ada457bc36fd93d.jpg","3.5","2025-12-11T16:27:23.205782Z"
"514","1","paper","2025-12-11T16:27:23.205782Z","514","/data/uncertain_images/paper1296_jpg.rf.f1292eb34e20de3382015d576c68def3.jpg","4.0","2025-12-11T16:27:23.205782Z"
"515","1","paper","2025-12-11T16:27:23.205782Z","515","/data/uncertain_images/paper1300_jpg.rf.4d0d585bfae3c0e4cb4ec66f182f8c87.jpg","2.0","2025-12-11T16:27:23.205782Z"
"516","1","paper","2025-12-11T16:27:23.205782Z","516","/data/uncertain_images/paper1321_jpg.rf.0bed3b6e20e5c3b0f393f10e0e4a1995.jpg","2.5","2025-12-11T16:27:23.205782Z"
"517","1","paper","2025-12-11T16:27:23.205782Z","517","/data/uncertain_images/paper1356_jpg.rf.afcf6f30d6f5faf8145d5069b7f62539.jpg","3.0","2025-12-11T16:27:23.205782Z"
"518","1","paper","2025-12-11T16:27:23.205782Z","518","/data/uncertain_images/paper1357_jpg.rf.25f3ec8cef05986b06524e85734eaf2b.jpg","3.5","2025-12-11T16:27:23.205782Z"
"519","1","paper","2025-12-11T16:27:23.205782Z","519","/data/uncertain_images/paper1444_jpg.rf.8def73c02bc9fa819a8eb9cce545e3b0.jpg","4.0","2025-12-11T16:27:23.205782Z"
"520","1","paper","2025-12-11T16:27:23.205782Z","520","/data/uncertain_images/paper1445_jpg.rf.d84e3ca6595861638a27fd790dc8c057.jpg","2.0","2025-12-11T16:27:23.205782Z"
"521","1","paper","2025-12-11T16:27:23.205782Z","521","/data/uncertain_images/paper144_jpg.rf.40e6ac2ced0d64f8e6a3117b85d86549.jpg","2.5","2025-12-11T16:27:23.205782Z"
"522","1","paper","2025-12-11T16:27:23.205782Z","522","/data/uncertain_images/paper1490_jpeg.rf.118c2663db655d9854f7b2c02cb4cb38.jpg","3.0","2025-12-11T16:27:23.205782Z"
"523","1","paper","2025-12-11T16:27:23.205782Z","523","/data/uncertain_images/paper1510_jpeg.rf.131aab3de82dad34faadffb0b5b17496.jpg","3.5","2025-12-11T16:27:23.205782Z"
"524","1","paper","2025-12-11T16:27:23.205782Z","524","/data/uncertain_images/paper1518_jpeg.rf.d5062ddd2a88ac2c14a3fd8354057a94.jpg","4.0","2025-12-11T16:27:23.205782Z"
"525","1","paper","2025-12-11T16:27:23.205782Z","525","/data/uncertain_images/paper1520_jpeg.rf.b9b2903f3fb23e07df11fb247f292388.jpg","2.0","2025-12-11T16:27:23.205782Z"
"526","1","paper","2025-12-11T16:27:23.205782Z","526","/data/uncertain_images/paper1530_jpeg.rf.314a20dacd5eee315105bcced7e0fee4.jpg","2.5","2025-12-11T16:27:23.205782Z"
"527","1","paper","2025-12-11T16:27:23.205782Z","527","/data/uncertain_images/paper1550_jpeg.rf.ad38b5b8e65820f71854b9c2fec448ac.jpg","3.0","2025-12-11T16:27:23.205782Z"
"528","1","paper","2025-12-11T16:27:23.205782Z","528","/data/uncertain_images/paper1554_jpg.rf.4cd72f5ac0e5c9c152aead758b976cb4.jpg","3.5","2025-12-11T16:27:23.205782Z"
"529","1","paper","2025-12-11T16:27:23.205782Z","529","/data/uncertain_images/paper1570_jpeg.rf.6e458d65b23bfb6dbaa8dc1ce96a0fe6.jpg","4.0","2025-12-11T16:27:23.205782Z"
"530","1","paper","2025-12-11T16:27:23.205782Z","530","/data/uncertain_images/paper1577_jpeg.rf.231dbd2e171fa2cc700d9c53334aca61.jpg","2.0","2025-12-11T16:27:23.205782Z"
"531","1","paper","2025-12-11T16:27:23.205782Z","531","/data/uncertain_images/paper1580_jpeg.rf.50aec5c17c4d8986a2eef0786cc6e96c.jpg","2.5","2025-12-11T16:27:23.205782Z"
"532","1","paper","2025-12-11T16:27:23.205782Z","532","/data/uncertain_images/paper158_jpg.rf.49437e30d1e0c2c0ba42ab3a37e73eee.jpg","3.0","2025-12-11T16:27:23.205782Z"
"533","1","paper","2025-12-11T16:27:23.205782Z","533","/data/uncertain_images/paper1595_jpeg.rf.98afae6b4ae6899e7d29510baa29781a.jpg","3.5","2025-12-11T16:27:23.205782Z"
"534","1","paper","2025-12-11T16:27:23.205782Z","534","/data/uncertain_images/paper1603_jpeg.rf.b8b911f8b2984dcba063e55bb5551186.jpg","4.0","2025-12-11T16:27:23.205782Z"
"535","1","paper","2025-12-11T16:27:23.205782Z","535","/data/uncertain_images/paper1604_jpeg.rf.682794cf89a824259647e69c0626d38c.jpg","2.0","2025-12-11T16:27:23.205782Z"
"536","1","paper","2025-12-11T16:27:23.205782Z","536","/data/uncertain_images/paper1605_jpeg.rf.3c56253b7c3b02bd7261e791b1392274.jpg","2.5","2025-12-11T16:27:23.205782Z"
"537","1","paper","2025-12-11T16:27:23.205782Z","537","/data/uncertain_images/paper1616_jpeg.rf.b80548a600a1d39ccca5f212d366d060.jpg","3.0","2025-12-11T16:27:23.205782Z"
"538","1","paper","2025-12-11T16:27:23.205782Z","538","/data/uncertain_images/paper1623_jpeg.rf.b19aec2ef609d03168e983b20c0a1ae1.jpg","3.5","2025-12-11T16:27:23.205782Z"
"539","1","paper","2025-12-11T16:27:23.205782Z","539","/data/uncertain_images/paper1664_jpeg.rf.141adb52a7568177f28de95652a4b5f9.jpg","4.0","2025-12-11T16:27:23.205782Z"
"540","1","paper","2025-12-11T16:27:23.205782Z","540","/data/uncertain_images/paper1699_jpeg.rf.78ece75c3fb56a5d3330c16e6b2163b1.jpg","2.0","2025-12-11T16:27:23.205782Z"
"541","1","paper","2025-12-11T16:27:23.205782Z","541","/data/uncertain_images/paper1708_jpeg.rf.76fab1628d6f7f37064a657be305b0a0.jpg","2.5","2025-12-11T16:27:23.205782Z"
"542","1","paper","2025-12-11T16:27:23.205782Z","542","/data/uncertain_images/paper1718_jpeg.rf.5718d9eaf6f298876fb9a32d74543964.jpg","3.0","2025-12-11T16:27:23.205782Z"
"543","1","paper","2025-12-11T16:27:23.205782Z","543","/data/uncertain_images/paper1720_jpeg.rf.26deca7ba12b73ee2364586813c40586.jpg","3.5","2025-12-11T16:27:23.205782Z"
"544","1","paper","2025-12-11T16:27:23.205782Z","544","/data/uncertain_images/paper1746_jpeg.rf.9e0ed849299d8c39a8c396e967d1b8fc.jpg","4.0","2025-12-11T16:27:23.205782Z"
"545","1","paper","2025-12-11T16:27:23.205782Z","545","/data/uncertain_images/paper1759_jpeg.rf.d058f79a82f13417421ff8c42b9e288b.jpg","2.0","2025-12-11T16:27:23.205782Z"
"546","1","paper","2025-12-11T16:27:23.205782Z","546","/data/uncertain_images/paper1761_jpeg.rf.3d83fcb05d0053d968f4dbf2c3f6d277.jpg","2.5","2025-12-11T16:27:23.205782Z"
"547","1","paper","2025-12-11T16:27:23.205782Z","547","/data/uncertain_images/paper1787_jpeg.rf.0484d84697da2275fbb27ca3c1b3d188.jpg","3.0","2025-12-11T16:27:23.205782Z"
"548","1","paper","2025-12-11T16:27:23.205782Z","548","/data/uncertain_images/paper1848_jpg.rf.56b44c5f4fff710f403c76cee6dd8205.jpg","3.5","2025-12-11T16:27:23.205782Z"
"549","1","paper","2025-12-11T16:27:23.205782Z","549","/data/uncertain_images/paper1946_jpg.rf.00ecd581694fb0bf25c9964a04de84a1.jpg","4.0","2025-12-11T16:27:23.205782Z"
"550","1","paper","2025-12-11T16:27:23.205782Z","550","/data/uncertain_images/paper1981_jpg.rf.bed9978467d87f290ce64910d04e3abb.jpg","2.0","2025-12-11T16:27:23.205782Z"
"551","1","paper","2025-12-11T16:27:23.205782Z","551","/data/uncertain_images/paper1988_jpg.rf.50362ad19deb30ee1f61a845259303fc.jpg","2.5","2025-12-11T16:27:23.205782Z"
"552","1","paper","2025-12-11T16:27:23.205782Z","552","/data/uncertain_images/paper1989_jpg.rf.438b31605f407b94fc329b6bfa9cfbe4.jpg","3.0","2025-12-11T16:27:23.205782Z"
"553","1","paper","2025-12-11T16:27:23.205782Z","553","/data/uncertain_images/paper1995_jpg.rf.73f238b50159710e88234fcb230cf8f8.jpg","3.5","2025-12-11T16:27:23.205782Z"
"554","1","paper","2025-12-11T16:27:23.205782Z","554","/data/uncertain_images/paper2024_jpg.rf.ad4f78135d138625bdfbe02c1632f29e.jpg","4.0","2025-12-11T16:27:23.205782Z"
"555","1","paper","2025-12-11T16:27:23.205782Z","555","/data/uncertain_images/paper2070_jpg.rf.e385c8e05b828ad4d40ee0e94f801a7e.jpg","2.0","2025-12-11T16:27:23.205782Z"
"556","1","paper","2025-12-11T16:27:23.205782Z","556","/data/uncertain_images/paper2071_jpg.rf.0350f036d853d3fb554df01f0c80ea38.jpg","2.5","2025-12-11T16:27:23.205782Z"
"557","1","paper","2025-12-11T16:27:23.205782Z","557","/data/uncertain_images/paper2090_jpg.rf.173a378eb3197dcabf7b4b67ba4e0532.jpg","3.0","2025-12-11T16:27:23.205782Z"
"558","1","paper","2025-12-11T16:27:23.205782Z","558","/data/uncertain_images/paper2097_jpg.rf.8c8a5cc4cab76e6eba703a7193a30f38.jpg","3.5","2025-12-11T16:27:23.205782Z"
"559","1","paper","2025-12-11T16:27:23.205782Z","559","/data/uncertain_images/paper2101_jpg.rf.226b067fab5f8cde5df87b5030c0256a.jpg","4.0","2025-12-11T16:27:23.205782Z"
"560","1","paper","2025-12-11T16:27:23.205782Z","560","/data/uncertain_images/paper2107_jpg.rf.a5dd9a92384c1c2be6fa14eab4eab197.jpg","2.0","2025-12-11T16:27:23.205782Z"
"561","1","paper","2025-12-11T16:27:23.205782Z","561","/data/uncertain_images/paper2112_jpg.rf.526973118820fb1827b6a564cd38bbb1.jpg","2.5","2025-12-11T16:27:23.205782Z"
"562","1","paper","2025-12-11T16:27:23.205782Z","562","/data/uncertain_images/paper211_jpg.rf.12fef11692d8070c81da764ebfcc5ba6.jpg","3.0","2025-12-11T16:27:23.205782Z"
